TrialNumber,Trial_num,Partner,risky_gain,risky_loss,alt_certain,task_gamble_outcome,task_gamble_amount,ISI,ITI,block,ran,order,trial_onset,bpress,cue_onset,resp_onset,stim_duration,stim_dur_drift,rt,ISI_onset,cue_duration,cue_dur_drift,ISI_offset,expected_ISI,actual_ISI,ISI_drift,outcome_onset,outcome_duration,outcome_drift,outcome_offset,trial_duration,ITI_onset,test_print,ITI_offset,expected_ITI,actual_ITI,ITI_drift,,,
1,1,0,$2.00 ,($0.75),$0.00 ,won,$2.00 ,1.5,1.5,1,1,0,4.556083,1,6.556823,6.957533,2.0007398,0.000739838,0.40071023,7.066389,0.50956637,-1.4904337,10.274709,3.1992898,3.2083194,0.009029724,10.28338,1.0002699,0.000269887,11.283649,6.7275662,11.302592,got here,12.803082,1.5,1.5004898,0.000489847,,,
2,2,0,$5.00 ,($3.13),$0.00 ,lost,($3.13),1.5,1.5,1,1,1,12.8269,1,14.82885,14.995467,2.0019505,0.001950491,0.16661704,15.105969,0.27711976,-1.7228802,18.546865,3.433383,3.4408946,0.007511694,18.555372,1.0005442,0.000544143,19.555918,6.7290177,19.574862,got here,21.076206,1.5,1.5013441,0.00134409,,,
3,3,0,$12.00 ,($9.00),$0.00 ,lost,($9.00),5,1.5,1,1,2,21.09617,2,23.101028,23.484898,2.0048587,0.004858646,0.3838698,23.59501,0.49398258,-1.5060174,30.318192,6.7161303,6.72318,0.007049817,30.340143,1.0007755,0.000775414,31.34092,10.244749,31.356623,got here,32.857826,1.5,1.501206,0.001205986,,,
4,4,0,$7.81 ,$0.00 ,$4.10 ,lost,$0.00 ,5,3,1,1,3,32.87943,2,34.882427,35.282936,2.002995,0.002994946,0.40050948,35.392315,0.5098914,-1.4901086,42.100315,6.6994905,6.7079997,0.008509004,42.1196,1.0010458,0.001045842,43.120644,10.241213,43.137856,got here,46.139076,3,3.0012214,0.001221354,,,
5,5,0,$21.43 ,$0.00 ,$13.29 ,won,$21.43 ,1.5,1.5,1,1,4,46.156647,2,48.16789,48.55189,2.011243,0.011243158,0.38400134,48.66156,0.49367195,-1.5063281,51.886074,3.2159986,3.224515,0.008516257,51.894714,1.0003071,0.00030706,52.895023,6.738376,52.913486,got here,54.41497,1.5,1.5014833,0.001483365,,,
6,6,0,$8.80 ,$0.00 ,$3.60 ,lost,$0.00 ,5,3,1,1,5,54.43521,2,56.4399,56.706913,2.004686,0.004686228,0.26701614,56.816154,0.37625462,-1.6237453,63.6573,6.832984,6.8411446,0.008160775,63.676174,1.0002741,0.000274003,64.676445,10.241236,64.694855,got here,67.69611,3,3.0012639,0.001263829,,,
7,7,0,$5.00 ,($1.88),$0.00 ,lost,($1.88),3,1.5,1,1,6,67.71472,2,69.72524,70.1096,2.0105264,0.010526303,0.3843481,70.21878,0.493536,-1.506464,74.942215,4.715652,4.723434,0.007781955,74.95854,1.000324,0.000323955,75.95887,8.244148,75.97729,got here,77.478905,1.5,1.5016187,0.001618717,,,
8,8,0,$13.35 ,$0.00 ,$1.32 ,lost,$0.00 ,1.5,5,1,1,7,77.51427,2,79.51856,79.80342,2.004295,0.004295096,0.28486264,79.9159,0.39734066,-1.6026593,83.25143,3.3151374,3.3355253,0.020387849,83.26211,1.001297,0.001296943,84.263405,6.749137,84.28212,got here,89.28326,5,5.001134,0.001133685,,,
9,9,0,$4.00 ,($7.00),$0.00 ,won,$4.00 ,1.5,3,1,1,8,89.302,1,91.31725,91.70047,2.0152538,0.015253677,0.38322082,91.80985,0.4926004,-1.5073996,95.06372,3.2167792,3.2538686,0.037089486,95.132515,1.0002267,0.000226757,96.13274,6.830739,96.146034,got here,99.147484,3,3.0014436,0.001443591,,,
10,10,0,$4.00 ,($2.00),$0.00 ,won,$4.00 ,1.5,7,1,1,9,99.162994,999,101.17632,103.13261,2.0133266,0.013326723,1.9562818,103.24326,2.066937,0.06693693,104.90937,1.6437182,1.6661104,0.022392143,104.920944,1.0011196,0.001119655,105.922066,6.759067,105.93936,got here,112.93958,7,7.0002217,0.000221738,,,
11,11,0,$10.00 ,($3.75),$0.00 ,lost,($3.75),5,5,1,1,10,112.96084,1,114.96309,115.93187,2.0022566,0.002256519,0.96877486,116.04128,1.0781876,-0.92181236,122.18035,6.131225,6.139071,0.00784603,122.19898,1.0002642,0.000264214,123.19925,10.238414,123.21807,got here,128.21921,5,5.0011444,0.001144228,,,
12,12,0,$10.00 ,($6.25),$0.00 ,won,$10.00 ,3,5,1,1,11,128.23544,1,130.23705,130.73851,2.0016098,0.001609808,0.50146395,130.8477,0.6106576,-1.3893424,135.45483,4.598536,4.6071224,0.008586527,135.46754,1.0009137,0.000913762,136.46846,8.233016,136.4869,got here,141.48772,5,5.000828,0.000827899,,,
13,13,0,$6.00 ,($10.50),$0.00 ,lost,($10.50),3,1.5,1,1,12,141.50476,1,143.50603,143.65613,2.0012722,0.001272141,0.15009604,143.76442,0.25838575,-1.7416142,148.72374,4.949904,4.959333,0.00942885,148.73738,1.0009788,0.000978845,149.73836,8.233604,149.75597,got here,151.25624,1.5,1.5002744,0.000274386,,,
14,14,0,$12.00 ,($21.00),$0.00 ,won,$12.00 ,3,3,1,1,13,151.28926,1,153.31822,153.75204,2.028966,0.028965969,0.43382585,153.92212,0.60388976,-1.3961103,158.60817,4.666174,4.6860566,0.019882662,158.63066,1.000524,0.0005241,159.6312,8.341934,159.64886,got here,162.64932,3,3.0004628,0.000462838,,,
15,15,0,$6.00 ,($9.00),$0.00 ,lost,($9.00),1.5,5,1,1,14,162.66849,1,164.67912,165.31363,2.0106328,0.010632819,0.63450176,165.42613,0.74701244,-1.2529876,168.39696,2.9654982,2.9708197,0.005321558,168.40564,1.0012337,0.001233693,169.40686,6.7383776,169.42488,got here,174.42548,5,5.0005984,0.000598461,,,
16,16,0,$32.00 ,$0.00 ,$0.00 ,lost,$0.00 ,1.5,1.5,1,1,15,174.4434,1,176.44412,176.7108,2.000722,0.000721988,0.26666993,176.81929,0.3751607,-1.6248393,180.16241,3.3333302,3.3431332,0.009803167,180.17015,1.0004923,0.000492381,181.17065,6.727248,181.18942,got here,182.69041,1.5,1.500993,0.000992976,,,
17,17,0,$4.00 ,($0.67),$0.00 ,won,$4.00 ,1.5,1.5,1,1,16,182.7073,2,184.71776,185.11671,2.010443,0.010442962,0.39895734,185.23045,0.5127063,-1.4872937,188.45193,3.2010427,3.2214718,0.02042925,188.45935,1.000427,0.000426955,189.45978,6.7524657,189.47871,got here,190.97998,1.5,1.5012718,0.001271823,,,
18,18,0,$8.00 ,$0.00 ,$4.00 ,lost,$0.00 ,1.5,5,1,1,17,190.99986,1,193.00473,193.3887,2.0048637,0.004863829,0.38397497,193.49844,0.4937104,-1.5062896,196.722,3.216025,3.2235532,0.007528247,196.73183,1.0003146,0.000314598,197.73213,6.7322683,197.75053,got here,202.7509,5,5.000371,0.000371213,,,
19,19,0,$10.00 ,($11.25),$0.00 ,lost,($11.25),3,1.5,1,1,18,202.76964,1,204.76945,204.91939,1.9998184,-0.000181609,0.14992036,205.02817,0.2587044,-1.7412956,209.98663,4.9500794,4.958468,0.0083881,210.00026,1.0009818,0.000981772,211.00125,8.231602,211.01941,got here,212.52063,1.5,1.5012246,0.0012246,,,
20,20,0,$5.00 ,($2.50),$0.00 ,lost,($2.50),3,3,1,1,19,212.53871,1,214.54533,214.81244,2.006631,0.006631,0.2670902,214.92079,0.37545514,-1.6245449,219.76393,4.8329096,4.843129,0.010219221,219.7764,1.0007446,0.000744602,220.77715,8.238437,220.79523,got here,223.79546,3,3.000229,0.000228888,,,
21,21,0,$6.00 ,($4.50),$0.00 ,won,$6.00 ,5,7,1,1,20,223.81187,1,225.82573,226.0927,2.0138595,0.013859451,0.26696548,226.2012,0.3754786,-1.6245214,233.04396,6.8330345,6.842748,0.009713716,233.06207,1.00036,0.000359991,234.06244,10.250571,234.08067,got here,241.08093,7,7.0002584,0.000258425,,,
22,22,0,$22.40 ,$0.00 ,$4.80 ,won,$22.40 ,3,3,1,1,21,241.10066,1,243.10522,243.25555,2.0045602,0.004560214,0.1503356,243.3639,0.25868303,-1.7413169,248.32356,4.9496646,4.9596667,0.010002376,248.33598,1.0003506,0.000350587,249.33633,8.235679,249.35556,got here,252.35605,3,3.0004907,0.000490657,,,
23,23,0,$14.49 ,$0.00 ,$8.75 ,won,$14.49 ,1.5,1.5,1,1,22,252.37648,2,254.38525,255.00323,2.0087821,0.008782164,0.61796814,255.11185,0.7265843,-1.2734157,258.10318,2.9820318,2.9913497,0.009317731,258.11188,1.0004423,0.000442319,259.1123,6.7358346,259.13147,got here,260.63168,1.5,1.5002074,0.000207401,,,
24,24,0,$4.00 ,($0.33),$0.00 ,won,$4.00 ,1.5,1.5,1,1,23,260.6578,2,262.65726,263.04175,1.9994658,-0.000534233,0.38448954,263.15527,0.49800915,-1.5019908,266.3927,3.2155104,3.2374253,0.021914927,266.40067,1.0001361,0.000136154,267.4008,6.742991,267.41998,got here,268.92072,1.5,1.5007198,0.000719782,,,
25,25,0,$2.00 ,($3.75),$0.00 ,won,$2.00 ,1.5,7,1,1,24,268.9408,2,270.94626,271.23026,2.0054457,0.005445658,0.28401926,271.34424,0.39798135,-1.6020186,274.6804,3.3159807,3.3361676,0.020186864,274.68988,1.0004287,0.000428688,275.6903,6.7495036,275.70862,got here,282.70984,7,7.001215,0.001214938,,,
26,26,0,$9.00 ,($4.50),$0.00 ,won,$9.00 ,1.5,5,1,1,25,282.72696,1,284.733,285.11688,2.0060146,0.006014639,0.38390154,285.232,0.49901316,-1.5009868,288.47272,3.2160985,3.2407084,0.024609985,288.49304,1.0006065,0.000606577,289.49365,6.7666755,289.51242,got here,294.51306,5,5.0006366,0.000636417,,,
27,27,0,$12.00 ,($12.00),$0.00 ,won,$12.00 ,5,7,1,1,26,294.53503,2,296.54803,296.93216,2.0130098,0.013009725,0.38411906,297.0421,0.49407253,-1.5059274,303.76492,6.715881,6.7228146,0.006933539,303.7839,1.0010422,0.001042188,304.78494,10.249904,304.80374,got here,311.80493,7,7.001194,0.001194117,,,
28,28,0,$12.00 ,($18.00),$0.00 ,lost,($18.00),1.5,3,1,1,27,311.81937,2,313.82745,314.212,2.0080726,0.008072621,0.38455454,314.3211,0.49364263,-1.5063574,317.54425,3.2154455,3.223149,0.007703482,317.5537,1.0013446,0.001344558,318.55505,6.735675,318.57413,got here,321.57477,3,3.000638,0.000638025,,,
29,29,0,$6.00 ,($7.50),$0.00 ,lost,($7.50),1.5,3,1,1,28,321.59735,2,323.60352,323.98767,2.0061784,0.006178457,0.38413358,324.09744,0.49392512,-1.5060749,327.32205,3.2158663,3.224615,0.00874878,327.3308,1.000914,0.000914011,328.33173,6.734376,328.34927,got here,331.35037,3,3.0011115,0.001111546,,,
30,30,0,$2.00 ,($3.25),$0.00 ,won,$2.00 ,1.5,1.5,1,1,29,331.36923,2,333.37964,333.41263,2.0103967,0.01039668,0.033008516,333.57196,0.19231735,-1.8076826,337.14703,3.5669916,3.575087,0.00809564,337.15735,1.0007188,0.000718834,338.15805,6.7888265,338.1762,got here,339.67755,1.5,1.5013541,0.001354132,,,
31,31,0,$17.38 ,$0.00 ,$7.31 ,lost,$0.00 ,3,1.5,1,1,30,339.7094,2,341.71875,342.1028,2.0093403,0.009340384,0.38404155,342.21182,0.49305907,-1.506941,346.93723,4.7159586,4.725394,0.009435403,346.95,1.0008755,0.00087551,347.9509,8.241472,347.96927,got here,349.47083,1.5,1.501568,0.001567973,,,
32,32,0,$8.00 ,($2.00),$0.00 ,won,$8.00 ,1.5,1.5,1,1,31,349.4923,1,351.49478,351.7618,2.002463,0.002463074,0.26704082,351.87155,0.37677082,-1.6232291,355.21274,3.3329592,3.3411806,0.008221385,355.22247,1.0002899,0.000289888,356.22278,6.7304673,356.24054,last trial of block,356.24054,nan,1.97E-05,nan,,,
33,33,0,$5.00 ,($5.63),$0.00 ,won,$5.00 ,5,1.5,2,1,32,358.9018,1,360.9031,361.40448,2.00129,0.001290019,0.50139403,361.51447,0.6113593,-1.3886406,368.12024,6.598606,6.605777,0.007170837,368.13904,1.0012953,0.001295384,369.14035,10.238544,369.1587,got here,370.6592,1.5,1.5005193,0.000519286,,,
34,34,0,$24.92 ,$0.00 ,$11.54 ,lost,$0.00 ,1.5,5,2,1,33,370.68164,1,372.68497,373.18582,2.0033236,0.003323643,0.5008558,373.29932,0.61434674,-1.3856533,376.42166,3.0991442,3.122347,0.023203017,376.44525,1.0008982,0.000898183,377.44617,6.764504,377.46466,got here,382.4658,5,5.001115,0.001114752,,,
35,35,0,$8.00 ,($13.00),$0.00 ,won,$8.00 ,1.5,3,2,1,34,382.48557,1,384.50018,384.9002,2.0146105,0.014610489,0.4000183,385.01102,0.5108248,-1.4891752,388.21832,3.1999817,3.2073007,0.007318919,388.22623,1.0018507,0.00185078,389.2281,6.7425027,389.24692,got here,392.24762,3,3.000707,0.000706955,,,
36,36,0,$10.67 ,$0.00 ,$10.67 ,won,$10.67 ,5,1.5,2,1,35,392.2735,2,394.27597,394.6597,2.00247,0.002469905,0.38372725,394.76923,0.49325505,-1.506745,401.4939,6.716273,6.7246723,0.008399589,401.5117,1.0001417,0.000141781,402.5118,10.238325,402.5316,got here,404.03278,1.5,1.5011843,0.00118437,,,
37,37,0,$24.21 ,$0.00 ,$11.89 ,lost,$0.00 ,1.5,1.5,2,1,36,404.05093,1,406.05743,406.44128,2.0065103,0.006510235,0.38384545,406.55066,0.49319953,-1.5068005,409.77576,3.2161546,3.2251055,0.008950888,409.7859,1.0003625,0.000362481,410.78622,6.7353024,410.80417,got here,412.30493,1.5,1.5007602,0.000760186,,,
38,38,0,$12.00 ,($24.00),$0.00 ,won,$12.00 ,3,1.5,2,1,37,412.33353,2,414.34647,415.43192,2.0129213,0.012921278,1.0854591,415.54303,1.1965669,-0.8034331,419.5643,4.0145407,4.021262,0.006721512,419.57797,1.0011842,0.001184205,420.57916,8.245614,420.5966,got here,422.0977,1.5,1.5011028,0.001102754,,,
39,39,0,$2.00 ,($2.75),$0.00 ,won,$2.00 ,3,5,2,1,38,422.1148,1,424.1223,424.52304,2.0074916,0.007491637,0.40074152,424.63748,0.5151698,-1.4848303,429.35654,4.6992583,4.7190742,0.019815685,429.36935,1.0007265,0.000726437,430.3701,8.255277,430.38858,got here,435.3893,5,5.00072,0.000719858,,,
40,40,0,$9.00 ,($13.50),$0.00 ,lost,($13.50),1.5,3,2,1,39,435.40866,2,437.42416,437.80835,2.0155118,0.015511839,0.38419408,437.92096,0.49679622,-1.5032037,441.15872,3.215806,3.237766,0.021960093,441.16736,1.0007302,0.000730175,442.1681,6.759445,442.18695,got here,445.1879,3,3.0009406,0.000940629,,,
41,41,0,$5.00 ,($4.38),$0.00 ,won,$5.00 ,5,1.5,2,1,40,445.20517,1,447.21698,447.3671,2.0118136,0.01181366,0.15013313,447.47656,0.2595827,-1.7404172,454.4347,6.949867,6.9581313,0.008264337,454.45297,1.0004377,0.000437782,455.4534,10.248249,455.47314,got here,456.97443,1.5,1.5012823,0.00128235,,,
42,42,0,$2.00 ,($1.75),$0.00 ,lost,($1.75),1.5,7,2,1,41,456.99286,1,458.9989,459.14853,2.0060494,0.00604934,0.1496165,459.2586,0.25967425,-1.7403257,462.7171,3.4503834,3.4585168,0.008133456,462.72717,1.0014247,0.001424652,463.7286,6.73573,463.74445,got here,470.74554,7,7.0010896,0.001089533,,,
43,43,0,$5.00 ,($8.13),$0.00 ,won,$5.00 ,3,3,2,1,42,470.76288,1,472.76883,473.1529,2.0059342,0.005934216,0.38407844,473.26602,0.4972027,-1.5027974,478.00323,4.7159214,4.7372136,0.02129186,478.01602,1.0011157,0.001115714,479.01712,8.254241,479.05753,got here,482.05817,3,3.0006542,0.00065421,,,
44,44,0,$5.00 ,($6.88),$0.00 ,won,$5.00 ,1.5,5,2,1,43,482.07306,2,484.08267,484.24918,2.0096111,0.009611068,0.16649033,484.36374,0.281049,-1.718951,487.81726,3.4335096,3.4535487,0.020038908,487.82547,1.0008416,0.000841606,488.82632,6.753262,488.8449,got here,493.84628,5,5.001366,0.001366099,,,
45,45,0,$4.00 ,($6.00),$0.00 ,lost,($6.00),3,1.5,2,1,44,493.8639,1,495.8638,496.3645,1.9999056,-9.44E-05,0.5007163,496.47412,0.6103188,-1.3896812,501.08218,4.5992837,4.6080866,0.008802774,501.09402,1.0008564,0.000856385,502.09488,8.231,502.11374,got here,503.61447,1.5,1.5007522,0.000752264,,,
46,46,0,$9.82 ,$0.00 ,$3.09 ,lost,$0.00 ,1.5,3,2,1,45,503.63358,1,505.64145,506.0239,2.0078707,0.007870631,0.38244775,506.13306,0.49161023,-1.5083898,509.3594,3.2175522,3.2263384,0.008786108,509.36633,1.0010983,0.001098289,510.36743,6.7338557,510.38562,got here,513.3864,3,3.0007758,0.000775902,,,
47,47,0,$8.49 ,$0.00 ,$3.76 ,won,$8.49 ,1.5,1.5,2,1,46,513.4037,1,515.416,515.56616,2.0123124,0.012312352,0.1501598,515.67505,0.25908148,-1.7409185,519.1342,3.4498403,3.4591446,0.00930451,519.14233,1.0011071,0.001107138,520.14343,6.739768,520.16174,got here,521.66223,1.5,1.5004596,0.000459591,,,
48,48,0,$13.25 ,$0.00 ,$9.37 ,won,$13.25 ,1.5,7,2,1,47,521.6789,1,523.6881,524.18915,2.009226,0.009226024,0.5010225,524.30164,0.6135153,-1.3864846,527.4052,3.0989776,3.1036205,0.004643156,527.4146,1.0009717,0.000971656,528.4156,6.7366934,528.4339,got here,535.4345,7,7.000626,0.000626313,,,
49,49,0,$8.00 ,($7.00),$0.00 ,lost,($7.00),5,1.5,2,1,48,535.4543,1,537.45825,537.72504,2.0040014,0.004001348,0.26677105,537.83356,0.37528193,-1.6247181,544.6765,6.833229,6.8429494,0.009720543,544.69434,1.0005121,0.000512077,545.6948,10.240563,545.71387,got here,547.2146,1.5,1.5007108,0.000710833,,,
50,50,0,$16.79 ,$0.00 ,$7.60 ,lost,$0.00 ,3,1.5,2,1,49,547.23413,2,549.24,549.38947,2.005899,0.00589901,0.14947307,549.4979,0.25792432,-1.7420757,554.4575,4.9505267,4.9595995,0.009072584,554.47015,1.000688,0.000687991,555.4708,8.236747,555.491,got here,556.9917,1.5,1.5006529,0.000652922,,,
51,51,0,$2.00 ,($1.25),$0.00 ,lost,($1.25),1.5,7,2,1,50,557.0114,1,559.01575,559.51685,2.0043435,0.004343445,0.5010892,559.62665,0.6109151,-1.3890849,562.73395,3.0989108,3.1073174,0.008406595,562.7421,1.0004994,0.000499358,563.7426,6.731234,563.7616,got here,570.76245,7,7.000876,0.000875818,,,
52,52,0,$15.28 ,$0.00 ,$8.36 ,won,$15.28 ,3,1.5,2,1,51,570.7819,2,572.78577,573.2868,2.0038567,0.003856763,0.50103366,573.39624,0.61045945,-1.3895406,578.00397,4.5989666,4.607696,0.008729589,578.0161,1.0013952,0.001395179,579.0175,8.235558,579.0356,got here,580.53644,1.5,1.5008149,0.000814971,,,
53,53,0,$5.00 ,($0.63),$0.00 ,won,$5.00 ,1.5,7,2,1,52,580.5551,999,582.5619,584.5672,2.0067322,0.006732331,2.005316,584.6762,2.1143253,0.11432534,586.2797,1.594684,1.6035362,0.008852151,586.28876,1.0008734,0.000873504,587.2896,6.7344713,587.3078,got here,594.30865,7,7.0008473,0.000847217,,,
54,54,0,$9.00 ,($2.25),$0.00 ,lost,($2.25),1.5,1.5,2,1,53,594.3266,2,596.3322,596.71606,2.005607,0.00560687,0.38387397,596.8259,0.49371532,-1.5062847,600.04987,3.216126,3.223954,0.007827928,600.05853,1.0006261,0.00062604,601.05914,6.7325606,601.0779,got here,602.57837,1.5,1.5004516,0.000451603,,,
55,55,0,$10.00 ,($8.75),$0.00 ,lost,($8.75),3,3,2,1,54,602.59576,1,604.6043,605.12195,2.0085294,0.008529494,0.5176245,605.23865,0.6343204,-1.3656796,609.8387,4.5823755,4.6000648,0.017689079,609.8519,1.0002823,0.000282277,610.85223,8.256435,610.87164,got here,613.87286,3,3.0012314,0.001231384,,,
56,56,0,$15.86 ,$0.00 ,$8.07 ,lost,$0.00 ,3,3,2,1,55,613.8941,2,615.9022,616.8041,2.0081298,0.008129901,0.90184647,616.92316,1.020938,-0.979062,621.1385,4.1981535,4.2153306,0.017176868,621.1486,1.0013082,0.001308176,622.1499,8.255821,622.16815,got here,625.1693,3,3.0011473,0.001147271,,,
57,57,0,$26.76 ,$0.00 ,$10.62 ,lost,$0.00 ,5,1.5,2,1,56,625.1878,2,627.1984,628.51764,2.010632,0.010632042,1.3192197,628.6268,1.4283624,-0.5716376,634.4159,5.7807803,5.7890983,0.008317844,634.43384,1.0003811,0.000381057,635.43427,10.24645,635.4537,got here,636.9545,1.5,1.5008357,0.000835678,,,
58,58,0,$8.00 ,($5.00),$0.00 ,won,$8.00 ,1.5,5,2,1,57,636.9732,2,638.9791,639.7309,2.0059414,0.005941438,0.75176305,639.8418,0.86269337,-1.1373067,642.6975,2.848237,2.8557165,0.007479415,642.70557,1.0007738,0.000773774,643.70636,6.7331867,643.7251,got here,648.72833,5,5.003201,0.003200779,,,
59,59,0,$7.36 ,$0.00 ,$4.32 ,won,$7.36 ,1.5,5,2,1,58,648.74994,1,650.7607,651.0277,2.0106833,0.01068332,0.26708007,651.13666,0.37598136,-1.6240187,654.4788,3.3329198,3.3421974,0.009277496,654.4871,1.0009468,0.000946795,655.4881,6.7381263,655.5067,got here,660.508,5,5.0013027,0.001302719,,,
60,60,0,$12.00 ,($3.00),$0.00 ,lost,($3.00),1.5,5,2,1,59,660.52747,1,662.54224,662.80975,2.014763,0.014763005,0.26749155,662.9196,0.3773774,-1.6226226,666.2601,3.3325086,3.3404527,0.007944187,666.2687,1.0007588,0.00075876,667.2694,6.7419596,667.2882,got here,672.28864,5,5.0004263,0.000426132,,,
61,61,0,$9.00 ,($15.75),$0.00 ,won,$9.00 ,1.5,3,2,1,60,672.306,2,674.3078,674.5743,2.0017617,0.001761698,0.26649222,674.6829,0.37514108,-1.624859,678.0252,3.3335078,3.342283,0.008775257,678.0335,1.000555,0.000555084,679.03406,6.7280664,679.0529,got here,682.0542,3,3.0013018,0.001301873,,,
62,62,0,$12.00 ,($15.00),$0.00 ,lost,($15.00),1.5,1.5,2,1,61,682.07086,2,684.08325,684.46735,2.012368,0.012367897,0.3841146,684.5781,0.49485296,-1.5051471,687.8012,3.2158854,3.2230816,0.007196066,687.8094,1.0008255,0.000825577,688.8102,6.7393293,688.8289,got here,690.32916,1.5,1.5002354,0.000235478,,,
63,63,0,$8.00 ,($1.33),$0.00 ,won,$8.00 ,1.5,3,2,1,62,690.34546,1,692.3554,692.5053,2.0099726,0.009972514,0.1498558,692.61395,0.2585374,-1.7414626,696.073,3.4501443,3.459048,0.008903738,696.0817,1.0007238,0.000723864,697.08246,6.7369957,697.1009,got here,700.10175,3,3.0008657,0.000865643,,,
64,64,0,$9.00 ,($0.75),$0.00 ,lost,($0.75),5,1.5,2,1,63,700.11786,2,702.1311,702.2813,2.013251,0.013250979,0.15019277,702.3916,0.26045015,-1.7395499,709.3484,6.949807,6.956806,0.006998892,709.3673,1.0003796,0.000379593,710.3677,10.249799,710.38654,last trial of block,710.3866,nan,1.90E-05,nan,,,
65,65,0,$22.47 ,$0.00 ,$12.76 ,won,$22.47 ,1.5,3,3,1,64,711.5172,2,713.5283,713.9124,2.0110664,0.011066553,0.38409323,714.0247,0.49642235,-1.5035776,717.2459,3.2159069,3.221201,0.005294051,717.25464,1.0011669,0.001166893,718.2558,6.738596,718.2741,got here,721.2746,3,3.0005345,0.000534579,,,
66,66,0,$9.00 ,($9.00),$0.00 ,won,$9.00 ,3,1.5,3,1,65,721.2944,2,723.3046,723.6886,2.0102336,0.010233665,0.3840011,723.7973,0.49272853,-1.5072715,728.5224,4.715999,4.725044,0.009044835,728.535,1.0008307,0.000830668,729.5358,8.241467,729.5543,got here,731.05444,1.5,1.5001342,0.000134176,,,
67,67,0,$23.60 ,$0.00 ,$12.20 ,lost,$0.00 ,5,7,3,1,66,731.0728,2,733.08075,733.23114,2.0079198,0.007919831,0.15037967,733.343,0.26229557,-1.7377044,740.3147,6.9496202,6.9716525,0.022032298,740.33344,1.0003942,0.000394223,741.3338,10.261001,741.3527,got here,748.3529,7,7.0002065,0.000206591,,,
68,68,0,$6.00 ,($3.00),$0.00 ,won,$6.00 ,1.5,3,3,1,67,748.3731,1,750.37665,750.76056,2.003536,0.003535967,0.38391107,750.87085,0.4942092,-1.5057908,754.0941,3.216089,3.2232473,0.007158379,754.10333,1.0006398,0.000639827,755.104,6.7308626,755.12244,got here,758.1226,3,3.0001998,0.000199875,,,
69,69,0,$25.76 ,$0.00 ,$11.12 ,lost,$0.00 ,1.5,3,3,1,68,758.14136,2,760.1531,760.55365,2.0117497,0.01174966,0.40058577,760.66504,0.5119555,-1.4880445,763.8713,3.1994143,3.2062335,0.006819331,763.8796,1.0001632,0.000163201,764.87976,6.738432,764.8987,got here,767.89996,3,3.0012846,0.001284498,,,
70,70,0,$5.00 ,($5.00),$0.00 ,lost,($5.00),1.5,5,3,1,69,767.9188,1,769.92914,770.313,2.0103514,0.010351518,0.38386333,770.4227,0.49359757,-1.5064025,773.6473,3.2161367,3.2245405,0.008403906,773.6556,1.014265,0.014264892,774.66986,6.751044,774.69165,got here,779.69293,5,5.0012712,0.001271478,,,
71,71,0,$18.65 ,$0.00 ,$6.68 ,lost,$0.00 ,1.5,3,3,1,70,779.71216,2,781.72723,782.2282,2.0150158,0.015015912,0.5010122,782.3382,0.61096627,-1.3890337,785.44556,3.0989878,3.1073804,0.00839261,785.45374,1.0001408,0.000140745,786.45386,6.7416906,786.4731,got here,789.47437,3,3.0012958,0.001295732,,,
72,72,0,$4.00 ,($4.00),$0.00 ,lost,($4.00),3,5,3,1,71,789.4949,2,791.50336,791.7702,2.0085158,0.008515731,0.2668519,791.87885,0.37549853,-1.6245015,796.72095,4.833148,4.842104,0.008955778,796.73364,1.0010172,0.001017182,797.7347,8.239814,797.7531,got here,802.75446,5,5.0013595,0.001359371,,,
73,73,0,$8.00 ,($9.00),$0.00 ,lost,($9.00),5,1.5,3,1,72,802.771,2,804.77246,805.6241,2.0014884,0.001488347,0.8516115,805.73315,0.9606928,-1.0393071,811.9903,6.2483883,6.2571383,0.008749554,812.00836,1.0004762,0.000476297,813.00885,10.237852,813.02716,got here,814.52844,1.5,1.5012286,0.001228523,,,
74,74,0,$10.00 ,($16.25),$0.00 ,lost,($16.25),1.5,7,3,1,73,814.5451,1,816.5538,817.1713,2.0086396,0.008639542,0.6175457,817.27997,0.7261972,-1.2738028,820.2725,2.9824543,2.9925356,0.010081398,820.2801,1.0007328,0.000732827,821.2808,6.735666,821.29944,got here,828.3,7,7.000555,0.000554895,,,
75,75,0,$10.00 ,($1.25),$0.00 ,won,$10.00 ,1.5,1.5,3,1,74,828.3148,2,830.3241,830.8246,2.009279,0.009278999,0.50053406,830.9343,0.6102664,-1.3897337,834.0423,3.0994658,3.1079462,0.008480227,834.0502,1.0001704,0.000170408,835.05035,6.735574,835.06946,got here,836.5702,1.5,1.5007066,0.000706548,,,
76,76,0,$8.00 ,($6.00),$0.00 ,lost,($6.00),5,1.5,3,1,75,836.589,1,838.59656,839.5845,2.00755,0.007549898,0.98792017,839.6951,1.0985945,-0.9014054,845.8288,6.1120796,6.1336393,0.021559687,845.84845,1.0005622,0.000562238,846.849,10.25998,846.86774,got here,848.3688,1.5,1.5010428,0.001042902,,,
77,77,0,$8.00 ,($3.00),$0.00 ,won,$8.00 ,3,1.5,3,1,76,848.3833,2,850.39374,850.6611,2.0104785,0.010478543,0.26731244,850.77136,0.3776171,-1.6223829,855.6111,4.8326874,4.8396797,0.006992194,855.62445,1.0006385,0.000638469,856.62506,8.241781,856.644,got here,858.14417,1.5,1.5001928,0.000192781,,,
78,78,0,$10.00 ,($13.75),$0.00 ,won,$10.00 ,1.5,1.5,3,1,77,858.1612,1,860.1701,860.5707,2.008921,0.008920817,0.40059593,860.68634,0.5162401,-1.4837599,863.90424,3.199404,3.2178566,0.018452454,863.9131,1.0002636,0.000263565,864.9133,6.7521667,864.93243,got here,866.4338,1.5,1.5013124,0.00131238,,,
79,79,0,$31.29 ,$0.00 ,$8.36 ,won,$31.29 ,1.5,1.5,3,1,78,866.4538,2,868.4588,870.01245,2.0049944,0.00499429,1.5536892,870.1231,1.6643237,-0.3356763,872.17755,2.046311,2.0544336,0.008122868,872.1853,1.0010502,0.001050277,873.18634,6.732541,873.20465,got here,874.7059,1.5,1.50121,0.001209923,,,
80,80,0,$9.00 ,($6.75),$0.00 ,won,$9.00 ,3,7,3,1,79,874.72723,1,876.7309,877.1147,2.003673,0.003673044,0.3838072,877.22406,0.49315268,-1.5068474,881.94867,4.7161927,4.724602,0.008409354,881.962,1.0003549,0.000354916,882.96234,8.2351055,882.9808,got here,889.9816,7,7.000867,0.000866764,,,
81,81,0,$4.00 ,($3.00),$0.00 ,lost,($3.00),3,3,3,1,80,889.99835,2,892.005,892.38904,2.0066814,0.006681396,0.38402796,892.50024,0.4951901,-1.5048099,897.22327,4.715972,4.723072,0.007099877,897.2356,1.0008675,0.000867538,898.23645,8.238091,898.2549,got here,901.2557,3,3.0008292,0.000829206,,,
82,82,0,$6.00 ,($1.50),$0.00 ,lost,($1.50),3,3,3,1,81,901.2743,1,903.2853,903.43506,2.0109427,0.010942636,0.14982536,903.54407,0.25882444,-1.7411755,908.5029,4.950175,4.958841,0.008666252,908.5158,1.0009354,0.000935483,909.5167,8.242434,909.53503,got here,912.5353,3,3.000231,0.000231019,,,
83,83,0,$6.00 ,($12.00),$0.00 ,lost,($12.00),1.5,1.5,3,1,82,912.5497,2,914.56525,914.7154,2.0155642,0.015564131,0.15018575,914.8248,0.25962776,-1.7403723,918.28253,3.4498143,3.4577017,0.007887354,918.2916,1.0007488,0.00074871,919.29236,6.742701,919.31116,got here,920.8124,1.5,1.5012159,0.001215978,,,
84,84,0,$2.00 ,($2.25),$0.00 ,won,$2.00 ,1.5,5,3,1,83,920.82886,1,922.8374,922.98755,2.008522,0.008522028,0.15015599,923.097,0.25961933,-1.7403806,926.5545,3.4498441,3.4574785,0.007634547,926.5641,1.0006015,0.000601523,927.5647,6.7357984,927.5833,got here,932.58453,5,5.0012164,0.001216572,,,
85,85,0,$16.29 ,$0.00 ,$7.85 ,won,$16.29 ,1.5,1.5,3,1,84,932.6038,2,934.6188,935.0045,2.0149462,0.01494616,0.3857447,935.1134,0.4946226,-1.5053774,938.3403,3.2142553,3.226853,0.01259764,938.3451,1.0005246,0.000524617,939.34564,6.741801,939.3646,got here,940.86554,1.5,1.5009001,0.000900162,,,
86,86,0,$6.00 ,($6.00),$0.00 ,won,$6.00 ,3,1.5,3,1,85,940.8887,1,942.89105,943.0411,2.002367,0.00236693,0.15007138,943.1504,0.2593905,-1.7406095,948.1082,4.9499288,4.957825,0.007896429,948.1216,1.0004535,0.000453502,949.1221,8.2333975,949.1414,got here,950.6422,1.5,1.5007786,0.000778592,,,
87,87,0,$12.00 ,($6.00),$0.00 ,won,$12.00 ,5,7,3,1,86,950.65717,2,952.66705,953.7699,2.0098903,0.009890228,1.1028299,953.88116,1.2140799,-0.7859202,959.8847,5.99717,6.0035467,0.006376639,959.9032,1.0010145,0.00101451,960.9042,10.246993,960.9223,got here,967.9226,7,7.0002947,0.00029449,,,
88,88,0,$9.00 ,($11.25),$0.00 ,lost,($11.25),3,3,3,1,87,967.9396,2,969.94684,970.09656,2.0072558,0.007255854,0.14969979,970.21124,0.26438418,-1.7356158,975.1817,4.9503,4.9704823,0.02018191,975.1937,1.0004838,0.000483808,976.1942,8.254637,976.2134,got here,979.21454,3,3.001193,0.001193147,,,
89,89,0,$8.00 ,($15.00),$0.00 ,won,$8.00 ,5,1.5,3,1,88,979.2308,1,981.2435,981.9784,2.0127985,0.012798656,0.7348361,982.08716,0.84363335,-1.1563667,988.4616,6.365164,6.3744373,0.009273493,988.4794,1.0012434,0.001243363,989.4806,10.249836,989.49915,got here,991.0002,1.5,1.5010561,0.001056054,,,
90,90,0,$10.00 ,($0.42),$0.00 ,lost,($0.42),1.5,1.5,3,1,89,991.01685,2,993.025,993.29193,2.0081732,0.008173309,0.26689625,993.4002,0.37516758,-1.6248324,996.74274,3.3331037,3.3425803,0.00947646,996.7514,1.0010903,0.00109031,997.7525,6.7356563,997.7708,got here,999.27216,1.5,1.5013546,0.001354526,,,
91,91,0,$8.22 ,$0.00 ,$3.89 ,won,$8.22 ,1.5,5,3,1,90,999.2917,1,1001.29706,1001.4474,2.005344,0.00534394,0.15031487,1001.5582,0.26114407,-1.738856,1005.01483,3.449685,3.456644,0.00695899,1005.0233,1.0006562,0.000656231,1006.024,6.7322483,1006.04297,got here,1011.0432,5,5.0002294,0.000229283,,,
92,92,0,$4.00 ,($1.00),$0.00 ,lost,($1.00),1.5,1.5,3,1,91,1011.0628,2,1013.07855,1013.3453,2.0157552,0.015755188,0.2667556,1013.4549,0.37634495,-1.6236551,1016.79596,3.3332443,3.3410435,0.007799112,1016.80505,1.0005013,0.000501281,1017.80554,6.742736,1017.8241,got here,1019.3255,1.5,1.501399,0.001399032,,,
93,93,0,$8.00 ,($11.00),$0.00 ,lost,($11.00),1.5,5,3,1,92,1019.3459,1,1021.3505,1021.7514,2.004594,0.004594173,0.4008913,1021.8649,0.5144134,-1.4855866,1025.0854,3.1991086,3.22057,0.02146141,1025.0936,1.0005744,0.000574378,1026.0942,6.748341,1026.113,got here,1031.114,5,5.0009217,0.000921552,,,
94,94,0,$6.00 ,($0.25),$0.00 ,lost,($0.25),5,1.5,3,1,93,1031.1313,1,1033.1328,1033.633,2.0015345,0.001534454,0.5002199,1033.7422,0.60932606,-1.3906739,1040.3513,6.59978,6.6091237,0.009343398,1040.368,1.0006095,0.00060949,1041.3687,10.237273,1041.3878,got here,1042.8882,1.5,1.5003605,0.000360533,,,
95,95,0,$4.00 ,($5.00),$0.00 ,won,$4.00 ,1.5,3,3,1,94,1042.9055,1,1044.9136,1045.5485,2.0080025,0.008002624,0.63489175,1045.6575,0.7439015,-1.2560985,1048.6307,2.9651084,2.9732084,0.008100216,1048.6399,1.0006037,0.000603657,1049.6405,6.734911,1049.6593,got here,1052.6604,3,3.001204,0.001204033,,,
96,96,0,$6.87 ,$0.00 ,$4.57 ,won,$6.87 ,1.5,5,3,1,95,1052.6796,2,1054.6901,1055.107,2.01051,0.010510082,0.41689792,1055.2167,0.526617,-1.4733831,1058.4081,3.1831021,3.191396,0.008293936,1058.416,1.0002666,0.00026651,1059.4163,6.736693,1059.4354,last trial of block,1059.4355,nan,2.03E-05,nan,,,
﻿TrialNumber,Trial_num,Partner,risky_gain,risky_loss,alt_certain,task_gamble_outcome,task_gamble_amount,ISI,ITI,block,,sum_isi_32,sum_iti_32,ran,order,trial_onset,bpress,cue_onset,resp_onset,stim_duration,stim_dur_drift,rt,ISI_onset,cue_duration,cue_dur_drift,ISI_offset,expected_ISI,actual_ISI,ISI_drift,outcome_onset,outcome_duration,outcome_drift,outcome_offset,trial_duration,ITI_onset,test_print,ITI_offset,expected_ITI,actual_ITI,ITI_drift
1,1,1,$17.38 ,$0.00 ,$7.31 ,won,$17.38 ,1.5,1.5,1,189,81,103,1,0,6.123606,1,8.132469,8.516396,2.008863,0.00886294,0.38392654,8.626203,0.49373338,-1.5062666,11.85054,3.2160735,3.2243373,0.008263922,11.859543,1.0010216,0.001021656,12.860565,6.7369585,12.878332,got here,14.378953,1.5,1.5006205,0.000620473
2,2,1,$4.00 ,($3.00),$0.00 ,won,$4.00 ,5,1.5,1,,81,103,1,1,14.39809,1,16.404339,16.905384,2.0062473,0.006247242,0.50104606,17.014032,0.60969377,-1.3903062,23.622066,6.5989537,6.608034,0.009080358,23.641533,1.0004845,0.000484495,24.642017,10.243926,24.659657,got here,26.159847,1.5,1.5001906,0.00019061
3,3,1,$5.00 ,($3.13),$0.00 ,won,$5.00 ,3,1.5,1,,81,103,1,2,26.176271,2,28.185673,28.453123,2.0094,0.009399862,0.26745164,28.564264,0.37859216,-1.6214079,33.403812,4.832548,4.839547,0.006998616,33.41704,1.0002804,0.000280328,34.41732,8.241049,34.435715,got here,35.93697,1.5,1.5012544,0.001254445
4,4,1,$10.00 ,($16.25),$0.00 ,lost,($16.25),1.5,3,1,,,,1,3,35.954388,1,37.96189,38.346043,2.0075023,0.007502383,0.3841497,38.45635,0.4944572,-1.5055428,41.67945,3.2158504,3.2231035,0.007253211,41.688522,1.000851,0.000850991,42.689373,6.734983,42.707863,got here,45.708145,3,3.000282,0.000282067
5,5,1,$9.00 ,($2.25),$0.00 ,lost,($2.25),5,1.5,1,,,,1,4,45.72599,2,47.737896,48.005016,2.0119088,0.011908854,0.2671172,48.113945,0.37604728,-1.6239527,54.955437,6.832883,6.841491,0.008608237,54.97488,1.0011035,0.00110352,55.975986,10.249996,55.993614,got here,57.49421,1.5,1.5005933,0.000593344
6,6,1,$18.65 ,$0.00 ,$6.68 ,won,$18.65 ,1.5,3,1,,,,1,5,57.51323,2,59.51959,59.90349,2.0063581,0.006358055,0.3838991,60.011665,0.49207702,-1.507923,63.237812,3.216101,3.2261477,0.010046645,63.245956,1.0006526,0.000652544,64.246605,6.733377,64.265076,got here,67.265236,3,3.0001605,0.000160341
7,7,1,$4.00 ,($0.33),$0.00 ,lost,($0.33),5,1.5,1,,,,1,6,67.2838,1,69.29617,69.67977,2.0123763,0.012376198,0.38359556,69.789635,0.493461,-1.506539,76.514,6.7164044,6.724364,0.00795946,76.531456,1.0006124,0.000612407,77.53207,10.248266,77.551346,got here,79.051544,1.5,1.5002036,0.000203584
8,8,1,$26.76 ,$0.00 ,$10.62 ,lost,$0.00 ,1.5,5,1,,,,1,7,79.07138,1,81.077225,81.478096,2.0058472,0.005847316,0.40087122,81.59034,0.51311463,-1.4868854,84.794876,3.1991289,3.204537,0.005408094,84.80326,1.0010302,0.001030223,85.80429,6.7329106,85.82261,got here,90.823425,5,5.0008163,0.000816247
9,9,1,$22.47 ,$0.00 ,$12.76 ,won,$22.47 ,1.5,3,1,,,,1,8,90.84052,1,92.841736,93.225784,2.001212,0.00121194,0.38405147,93.33515,0.49341404,-1.506586,96.55909,3.2159486,3.2239404,0.007991888,96.56814,1.0007576,0.00075758,97.56889,6.7283697,97.58762,got here,100.58851,3,3.000885,0.000885052
10,10,1,$9.00 ,($4.50),$0.00 ,won,$9.00 ,5,7,1,,,,1,9,100.60755,1,102.61805,103.35301,2.0104969,0.010496892,0.7349652,103.46344,0.8453883,-1.1546117,109.83605,6.3650346,6.3726163,0.007581625,109.85407,1.0007881,0.000788146,110.854866,10.247312,110.87372,got here,117.87453,7,7.0008116,0.000811545
11,11,1,$9.00 ,($15.75),$0.00 ,lost,($15.75),3,5,1,,,,1,10,117.88988,999,119.897705,121.93661,2.007821,0.007821096,2.0389075,122.04546,2.1477613,0.14776126,125.11482,3.0610924,3.0693612,0.008268705,125.12808,1.0006971,0.000697148,126.128784,8.238902,126.14756,got here,131.14786,5,5.0002995,0.000299594
12,12,1,$6.87 ,$0.00 ,$4.57 ,won,$6.87 ,5,5,1,,,,1,11,131.16676,2,133.16661,133.43347,1.999846,-0.000154037,0.26686266,133.54218,0.37556404,-1.624436,140.38449,6.8331375,6.8423233,0.009186138,140.40251,1.0003924,0.000392478,141.40291,10.236145,141.4226,got here,146.42389,5,5.001285,0.001285246
13,13,1,$4.00 ,($6.00),$0.00 ,lost,($6.00),1.5,1.5,1,,,,1,12,146.4427,2,148.4572,148.84137,2.014487,0.014487025,0.38417858,148.95114,0.49394298,-1.506057,152.17438,3.2158215,3.2232447,0.007423195,152.18413,1.0005559,0.000555839,153.18468,6.7419715,153.20308,got here,154.70451,1.5,1.5014334,0.001433394
14,14,1,$10.00 ,($6.25),$0.00 ,won,$10.00 ,3,3,1,,,,1,13,154.72125,2,156.72926,156.87927,2.0080152,0.008015245,0.15000254,156.9889,0.2596348,-1.7403651,161.94737,4.9499974,4.958465,0.00846773,161.96005,1.0009823,0.000982239,162.96103,8.239774,162.97934,got here,165.98067,3,3.0013287,0.001328596
15,15,1,$10.00 ,($8.75),$0.00 ,won,$10.00 ,1.5,5,1,,,,1,14,165.99481,2,168.00961,168.39381,2.01481,0.014810041,0.38418913,168.50479,0.4951653,-1.5048347,171.72766,3.2158108,3.2228696,0.007058687,171.73587,1.0009567,0.000956626,172.73683,6.742018,172.75562,got here,177.7565,5,5.0008745,0.000874674
16,16,1,$12.00 ,($18.00),$0.00 ,won,$12.00 ,3,1.5,1,,,,1,15,177.77446,1,179.77423,180.27512,1.9997584,-0.000241693,0.5008972,180.38602,0.6117857,-1.3882142,184.99225,4.599103,4.606233,0.007130207,185.00539,1.0006154,0.000615329,186.006,8.231528,186.02386,got here,187.52425,1.5,1.5003798,0.000379788
17,17,1,$4.00 ,($1.00),$0.00 ,won,$4.00 ,1.5,1.5,1,,,,1,16,187.54062,1,189.5505,189.70033,2.0098839,0.009883811,0.14981902,189.80928,0.2587681,-1.7412319,193.26804,3.450181,3.458757,0.008575997,193.27675,1.0005363,0.000536316,194.2773,6.7366695,194.29596,got here,195.79716,1.5,1.501205,0.001204987
18,18,1,$4.00 ,($2.00),$0.00 ,lost,($2.00),1.5,5,1,,,,1,17,195.81213,2,197.8224,198.0896,2.010267,0.010267053,0.2672011,198.19789,0.37549266,-1.6245073,201.54012,3.332799,3.3422263,0.009427292,201.5495,1.0005972,0.000597274,202.5501,6.737959,202.56848,got here,207.56886,5,5.000385,0.000385006
19,19,1,$13.25 ,$0.00 ,$9.37 ,lost,$0.00 ,1.5,1.5,1,,,,1,18,207.58803,2,209.60394,209.75407,2.015902,0.01590204,0.15013418,209.86327,0.25932878,-1.7406713,213.3213,3.4498658,3.4580462,0.008180453,213.33049,1.0005233,0.000523331,214.33101,6.7429748,214.34953,got here,215.8508,1.5,1.5012733,0.001273226
20,20,1,$8.00 ,($11.00),$0.00 ,won,$8.00 ,3,3,1,,,,1,19,215.87044,2,217.87595,218.143,2.0055025,0.005502523,0.26706243,218.25151,0.3755643,-1.6244357,223.09407,4.8329377,4.842571,0.009633042,223.10675,1.0011195,0.001119508,224.10786,8.237427,224.12564,got here,227.12683,3,3.001194,0.001194047
21,21,1,$16.79 ,$0.00 ,$7.60 ,lost,$0.00 ,1.5,7,1,,,,1,20,227.14546,1,229.1569,229.3059,2.0114446,0.011444581,0.14898953,229.41605,0.25913784,-1.7408621,232.87541,3.4510105,3.4593716,0.008361071,232.88237,1.000446,0.00044597,233.88281,6.7373457,233.90172,got here,240.90265,7,7.0009346,0.000934588
22,22,1,$6.00 ,($4.50),$0.00 ,lost,($4.50),3,3,1,,,,1,21,240.9246,2,242.92621,243.19351,2.0015976,0.001597704,0.26730794,243.30362,0.37741372,-1.6225863,248.14432,4.832692,4.840701,0.008008981,248.15633,1.0011029,0.001102954,249.15742,8.232818,249.1759,got here,252.17691,3,3.0010037,0.001003848
23,23,1,$9.00 ,($6.75),$0.00 ,lost,($6.75),1.5,1.5,1,,,,1,22,252.19357,1,254.20633,254.47334,2.0127544,0.012754518,0.2670189,254.58194,0.37561488,-1.6243851,257.92395,3.332981,3.3420088,0.009027839,257.93295,1.0003272,0.000327273,258.9333,6.7397227,258.95224,got here,260.45346,1.5,1.5012082,0.001208133
24,24,1,$2.00 ,($3.75),$0.00 ,won,$2.00 ,1.5,1.5,1,,,,1,23,260.47095,1,262.47888,262.6286,2.0079534,0.007953317,0.14971769,262.73868,0.2597792,-1.7402208,266.1961,3.4502823,3.457425,0.007142888,266.20517,1.0010636,0.001063641,267.20624,6.735284,267.22418,got here,268.72543,1.5,1.5012457,0.001245721
25,25,1,$10.00 ,($0.42),$0.00 ,lost,($0.42),5,7,1,,,,1,24,268.74216,1,270.75058,271.03424,2.0084267,0.008426672,0.28363398,271.14362,0.39302298,-1.606977,277.96848,6.816366,6.8248672,0.008501053,277.98694,1.0009269,0.000926857,278.98785,10.2456875,279.00565,got here,286.00638,7,7.000716,0.000716104
26,26,1,$22.40 ,$0.00 ,$4.80 ,won,$22.40 ,1.5,5,1,,,,1,25,286.02707,2,288.0298,288.41385,2.002712,0.00271194,0.384089,288.52438,0.4946046,-1.5053954,291.7483,3.215911,3.223923,0.008011955,291.75613,1.0008218,0.000821882,292.75696,6.7298975,292.7758,got here,297.777,5,5.0011945,0.001194671
27,27,1,$12.00 ,($3.00),$0.00 ,lost,($3.00),1.5,7,1,,,,1,26,297.79675,1,299.81143,300.1953,2.0146778,0.014677844,0.38389522,300.30447,0.49305966,-1.5069404,303.52957,3.2161047,3.2250907,0.008986007,303.53784,1.0006334,0.00063336,304.53848,6.7417226,304.5571,got here,311.55804,7,7.0009427,0.000942554
28,28,1,$5.00 ,($8.13),$0.00 ,won,$5.00 ,1.5,3,1,,,,1,27,311.57852,1,313.58118,313.73157,2.002668,0.002667886,0.15038148,313.84018,0.25897935,-1.7410207,317.2992,3.4496186,3.459022,0.009403644,317.308,1.0004224,0.000422322,318.30844,6.729927,318.32712,got here,321.32812,3,3.0010133,0.001013171
29,29,1,$2.00 ,($0.75),$0.00 ,won,$2.00 ,1.5,3,1,,,,1,28,321.34848,2,323.3576,323.50757,2.0091016,0.009101511,0.14997831,323.6159,0.25829536,-1.7417046,327.07593,3.4500217,3.4600503,0.010028751,327.08484,1.0015557,0.001555633,328.0864,6.737898,328.10352,got here,331.1046,3,3.0010886,0.00108855
30,30,1,$8.00 ,($2.00),$0.00 ,lost,($2.00),1.5,1.5,1,,,,1,29,331.12155,2,333.13376,333.28372,2.0121927,0.012192735,0.14997602,333.3929,0.25917286,-1.7408272,336.8516,3.450024,3.4586673,0.008643388,336.86014,1.0005711,0.000571147,337.86072,6.7391596,337.87967,got here,339.38098,1.5,1.5013207,0.001320661
31,31,1,$4.00 ,($7.00),$0.00 ,lost,($7.00),3,1.5,1,,,,1,30,339.39795,2,341.40588,341.79016,2.007934,0.007934013,0.3842957,341.9039,0.4980277,-1.5019723,346.64072,4.7157044,4.7368336,0.021129055,346.65308,1.0003773,0.000377294,347.65344,8.255511,347.67264,got here,349.1736,1.5,1.5009701,0.000970148
32,32,1,$6.00 ,($9.00),$0.00 ,lost,($9.00),3,1.5,1,,,,1,31,349.19357,1,351.19955,351.3486,2.0059774,0.005977343,0.14904712,351.45877,0.25920966,-1.7407904,356.41748,4.950953,4.95871,0.007757201,356.42932,1.0005488,0.000548894,357.42987,8.236299,357.44846,last trial of block,357.4485,nan,2.90E-05,nan
33,33,1,$8.22 ,$0.00 ,$3.89 ,won,$8.22 ,1.5,5,2,,,,1,32,358.78262,2,360.79108,360.94086,2.0084395,0.008439442,0.14980115,361.04956,0.25848722,-1.7415128,364.5095,3.450199,3.4599311,0.009732347,364.51736,1.0011463,0.001146371,365.5185,6.7358704,365.53674,got here,370.53787,5,5.0011134,0.00111334
34,34,1,$2.00 ,($1.75),$0.00 ,lost,($1.75),3,1.5,2,,,,1,33,370.5575,1,372.5574,372.8229,1.9999167,-8.33E-05,0.26550236,372.93152,0.37410998,-1.62589,377.77573,4.8344975,4.8441854,0.009687555,377.78625,1.000747,0.000746921,378.78702,8.229513,378.8055,got here,380.30655,1.5,1.5010517,0.001051657
35,35,1,$5.00 ,($4.38),$0.00 ,lost,($4.38),5,5,2,,,,1,34,380.3237,2,382.33426,382.71613,2.0105546,0.010554622,0.38187745,382.8269,0.4926362,-1.5073638,389.552,6.7181225,6.7250996,0.006977034,389.56778,1.0003887,0.000388729,390.56818,10.244471,390.5872,got here,395.5882,5,5.0010176,0.001017786
36,36,1,$4.00 ,($0.67),$0.00 ,lost,($0.67),1.5,3,2,,,,1,35,395.605,999,397.60608,399.61267,2.0010438,0.001043795,2.0066068,399.72318,2.117122,0.11712205,401.32352,1.5933931,1.6003413,0.0069483,401.3322,1.0012285,0.001228454,402.33344,6.728409,402.3517,got here,405.35208,3,3.0003467,0.000346705
37,37,1,$12.00 ,($24.00),$0.00 ,won,$12.00 ,1.5,5,2,,,,1,36,405.36917,2,407.38217,407.64914,2.0130048,0.013004884,0.26698315,407.7591,0.37691128,-1.6230887,411.09943,3.3330169,3.3403432,0.007326496,411.1086,1.0005553,0.000555271,412.10916,6.7400064,412.128,got here,417.12814,5,5.0001435,0.000143523
38,38,1,$8.00 ,($9.00),$0.00 ,won,$8.00 ,3,7,2,,,,1,37,417.145,1,419.14896,419.64786,2.0039685,0.003968434,0.49889168,419.75833,0.60937643,-1.3906236,424.36673,4.6011086,4.6083827,0.007274472,424.37723,1.0005217,0.000521637,425.37775,8.232753,425.39676,got here,432.39795,7,7.001197,0.001196872
39,39,1,$10.00 ,($11.25),$0.00 ,won,$10.00 ,3,3,2,,,,1,38,432.4148,2,434.42117,434.5709,2.0063825,0.006382551,0.14972809,434.68085,0.25968724,-1.7403127,439.63937,4.950272,4.958503,0.00823069,439.65167,1.0006388,0.000638799,440.6523,8.237529,440.67096,got here,443.672,3,3.0010226,0.001022528
40,40,1,$4.00 ,($5.00),$0.00 ,lost,($5.00),1.5,1.5,2,,,,1,39,443.68964,1,445.70102,446.2019,2.0113797,0.011379813,0.5008883,446.31073,0.6097153,-1.3902847,449.41907,3.0991118,3.1083188,0.009207056,449.4273,1.000931,0.000931065,450.42822,6.738579,450.44696,got here,451.9471,1.5,1.5001689,0.000168932
41,41,1,$8.00 ,($6.00),$0.00 ,lost,($6.00),1.5,7,2,,,,1,40,451.9634,1,453.97382,454.24023,2.010424,0.010423811,0.26642114,454.3488,0.3749668,-1.6250331,457.69125,3.3335788,3.3424728,0.008893985,457.6996,1.000627,0.000627046,458.70023,6.736824,458.71896,got here,465.71933,7,7.0003877,0.000387731
42,42,1,$25.76 ,$0.00 ,$11.12 ,won,$25.76 ,3,1.5,2,,,,1,41,465.74017,2,467.7433,468.01044,2.003091,0.003091035,0.26717833,468.1195,0.37624454,-1.6237555,472.96127,4.832822,4.841744,0.008922311,472.97342,1.0004284,0.000428423,473.97385,8.233673,473.9934,got here,475.49417,1.5,1.5007577,0.000757645
43,43,1,$8.49 ,$0.00 ,$3.76 ,lost,$0.00 ,1.5,3,2,,,,1,42,475.51062,1,477.5193,477.55258,2.008677,0.008676942,0.03329705,477.66153,0.14225501,-1.857745,481.2363,3.5667028,3.5747585,0.008055643,481.24554,1.0006496,0.000649585,482.24622,6.735599,482.26508,got here,485.2663,3,3.001201,0.001200968
44,44,1,$5.00 ,($6.88),$0.00 ,won,$5.00 ,1.5,5,2,,,,1,43,485.28464,1,487.29526,487.56238,2.010629,0.010629005,0.2671223,487.67084,0.3755629,-1.6244371,491.01346,3.3328776,3.342631,0.009753404,491.02173,1.0005821,0.00058205,492.0223,6.737681,492.041,got here,497.04208,5,5.0011015,0.001101451
45,45,1,$24.21 ,$0.00 ,$11.89 ,lost,$0.00 ,1.5,7,2,,,,1,44,497.06137,1,499.07693,499.46088,2.0155509,0.015550796,0.38395452,499.56958,0.49266583,-1.5073342,502.79483,3.2160454,3.2252235,0.009177988,502.80313,1.0008965,0.000896448,503.80402,6.742637,503.82236,got here,510.823,7,7.0006413,0.000641527
46,46,1,$9.00 ,($11.25),$0.00 ,won,$9.00 ,1.5,3,2,,,,1,45,510.84247,2,512.8468,513.11383,2.0043304,0.004330361,0.2670244,513.22314,0.3763297,-1.6236703,516.5641,3.3329756,3.3409264,0.007950696,516.5745,1.0009868,0.00098678,517.5755,6.7330484,517.5928,got here,520.59393,3,3.001148,0.001148095
47,47,1,$10.00 ,($3.75),$0.00 ,lost,($3.75),3,7,2,,,,1,46,520.6104,2,522.62317,523.007,2.0127773,0.012777264,0.38382825,523.1158,0.4926327,-1.5073674,527.84094,4.7161717,4.725129,0.008957413,527.8536,1.0007131,0.000713164,528.85425,8.243872,528.8731,got here,535.8739,7,7.0008407,0.000840713
48,48,1,$12.00 ,($21.00),$0.00 ,lost,($21.00),5,1.5,2,,,,1,47,535.8943,1,537.89716,538.0641,2.0028217,0.002821595,0.1669246,538.1744,0.2772152,-1.7227848,545.1144,6.9330754,6.9400115,0.006936073,545.13367,1.0012602,0.001260144,546.1349,10.240588,546.1521,got here,547.65283,1.5,1.5007368,0.000736848
49,49,1,$8.80 ,$0.00 ,$3.60 ,lost,$0.00 ,5,5,2,,,,1,48,547.673,2,549.67847,550.06274,2.0055299,0.00552979,0.38429755,550.17126,0.49278215,-1.5072179,556.89594,6.7157025,6.724685,0.008982699,556.91547,1.0005945,0.000594463,557.9161,10.243117,557.9341,got here,562.9347,5,5.0006475,0.000647627
50,50,1,$10.00 ,($1.25),$0.00 ,lost,($1.25),3,1.5,2,,,,1,49,562.9538,1,564.9693,565.58746,2.0154495,0.015449632,0.6181584,565.6968,0.72747195,-1.272528,570.1874,4.4818416,4.490612,0.008770657,570.20013,1.0006183,0.000618298,571.20074,8.246946,571.2196,got here,572.71985,1.5,1.5002779,0.0002779
51,51,1,$15.28 ,$0.00 ,$8.36 ,lost,$0.00 ,1.5,1.5,2,,,,1,50,572.7399,1,574.7456,574.89575,2.005709,0.005708814,0.15013854,575.0044,0.25876436,-1.7412356,578.4639,3.4498615,3.4595654,0.009704019,578.4719,1.0011295,0.001129567,579.473,6.7331185,579.4913,got here,580.9917,1.5,1.5004367,0.000436706
52,52,1,$2.00 ,($2.25),$0.00 ,won,$2.00 ,1.5,3,2,,,,1,51,581.0107,2,583.0192,583.4186,2.0085804,0.008580442,0.39933527,583.5288,0.509562,-1.490438,586.7364,3.2006648,3.2075703,0.006905686,586.7441,1.0012517,0.001251722,587.7453,6.734653,587.7634,got here,590.76355,3,3.0000968,9.68E-05
53,53,1,$7.36 ,$0.00 ,$4.32 ,lost,$0.00 ,1.5,1.5,2,,,,1,52,590.7821,2,592.7937,592.94385,2.01163,0.011630106,0.15011023,593.05237,0.25866827,-1.7413317,596.5115,3.4498897,3.4590833,0.009193471,596.52014,1.0003444,0.000344385,597.5205,6.73841,597.53955,got here,599.04004,1.5,1.5004344,0.000434438
54,54,1,$4.00 ,($4.00),$0.00 ,won,$4.00 ,1.5,3,2,,,,1,53,599.0606,1,601.0658,601.3329,2.0051513,0.005151176,0.2670679,601.4412,0.37542367,-1.6245763,604.7838,3.332932,3.3425953,0.009663159,604.7923,1.00087,0.000869963,605.79315,6.732521,605.81146,got here,608.8123,3,3.0008433,0.00084328
55,55,1,$8.00 ,($1.33),$0.00 ,won,$8.00 ,5,3,2,,,,1,54,608.829,2,610.84204,610.875,2.0130413,0.013041319,0.032953136,610.98376,0.14174087,-1.8582591,618.061,7.0670466,7.0771837,0.010136645,618.078,1.0006723,0.000672393,619.0787,10.249719,619.0972,got here,622.0986,3,3.0013218,0.001321705
56,56,1,$8.00 ,($3.00),$0.00 ,lost,($3.00),1.5,1.5,2,,,,1,55,622.1126,1,624.1275,625.2135,2.0148642,0.014864281,1.0859742,625.326,1.1984991,-0.801501,627.84576,2.5140257,2.5197666,0.005740815,627.85394,1.000555,0.000555065,628.85455,6.74189,628.8733,got here,630.3741,1.5,1.5008167,0.000816729
57,57,1,$5.00 ,($5.63),$0.00 ,won,$5.00 ,3,1.5,2,,,,1,56,630.3923,1,632.3996,632.9005,2.0073717,0.007371753,0.50088584,633.0095,0.6099087,-1.3900913,637.6169,4.599114,4.6073413,0.008227069,637.6299,1.0008686,0.000868607,638.6308,8.238527,638.6493,got here,640.1496,1.5,1.500291,0.000290991
58,58,1,$10.67 ,$0.00 ,$10.67 ,won,$10.67 ,1.5,1.5,2,,,,1,57,640.1698,1,642.1755,642.32587,2.0057185,0.005718441,0.15035905,642.43414,0.25862753,-1.7413725,645.8936,3.449641,3.4594753,0.00983436,645.9019,1.001047,0.001046969,646.90295,6.7331905,646.9215,got here,648.4222,1.5,1.5007019,0.000701896
59,59,1,$6.00 ,($7.50),$0.00 ,won,$6.00 ,1.5,1.5,2,,,,1,58,648.44104,1,650.4476,650.59766,2.0065215,0.00652141,0.15008068,650.7075,0.25993288,-1.7400671,654.166,3.4499192,3.4585197,0.008600352,654.17456,1.0011846,0.001184604,655.1758,6.734719,655.1936,got here,656.69507,1.5,1.5014755,0.001475414
60,60,1,$24.92 ,$0.00 ,$11.54 ,lost,$0.00 ,1.5,3,2,,,,1,59,656.7171,2,658.7197,658.9867,2.0025845,0.002584409,0.26699248,659.096,0.37627065,-1.6237293,662.43774,3.3330076,3.341735,0.008727278,662.4461,1.0007526,0.000752601,663.44684,6.729722,663.46545,got here,666.46655,3,3.0011191,0.001119037
61,61,1,$8.00 ,$0.00 ,$4.00 ,won,$8.00 ,5,1.5,2,,,,1,60,666.4829,2,668.4977,668.763,2.014758,0.014758127,0.26536345,668.87146,0.37377456,-1.6262255,675.7151,6.8346367,6.843685,0.009048739,675.7323,1.0002253,0.000225354,676.73254,10.249642,676.752,got here,678.25256,1.5,1.5005193,0.000519319
62,62,1,$8.00 ,($13.00),$0.00 ,lost,($13.00),1.5,5,2,,,,1,61,678.2699,2,680.2785,680.545,2.0086389,0.00863874,0.26647887,680.65845,0.37992668,-1.6200733,684.0133,3.3335211,3.3548794,0.021358233,684.02075,1.000734,0.000733958,685.0215,6.7516284,685.0399,got here,690.04016,5,5.000246,0.000246075
63,63,1,$8.00 ,($5.00),$0.00 ,lost,($5.00),5,1.5,2,,,,1,62,690.0553,2,692.0588,692.092,2.0035098,0.003509713,0.033206716,692.2003,0.14154612,-1.8584539,699.2762,7.0667934,7.075854,0.009060386,699.29486,1.0006099,0.00060993,700.2955,10.240204,700.3151,got here,701.81604,1.5,1.5009437,0.000943602
64,64,1,$9.00 ,($13.50),$0.00 ,won,$9.00 ,3,1.5,2,,,,1,63,701.8329,1,703.84033,703.99023,2.007473,0.007472956,0.14991005,704.09924,0.25893208,-1.7410679,709.05756,4.95009,4.958279,0.008189319,709.0714,1.0001658,0.00016586,710.07153,8.238692,710.0912,last trial of block,710.09125,nan,6.51E-05,nan
65,65,1,$31.29 ,$0.00 ,$8.36 ,won,$31.29 ,5,1.5,3,,,,1,64,711.57635,1,713.5855,713.616,2.00915,0.009149936,0.030500866,713.7255,0.13997339,-1.8600266,720.80396,7.069499,7.0784645,0.008965472,720.8198,1.0006752,0.000675207,721.8205,10.244139,721.83875,got here,723.33887,1.5,1.5001156,0.000115671
66,66,1,$9.00 ,($0.75),$0.00 ,won,$9.00 ,1.5,3,3,,,,1,65,723.3591,2,725.36444,725.51434,2.0053768,0.00537691,0.14990692,725.6244,0.25992566,-1.7400744,729.08307,3.450093,3.4586787,0.008585745,729.091,1.001033,0.001032929,730.09204,6.7329717,730.111,got here,733.1113,3,3.000303,0.000303097
67,67,1,$6.00 ,($6.00),$0.00 ,won,$6.00 ,5,5,3,,,,1,66,733.1281,2,735.1409,735.29083,2.0128207,0.012820771,0.14988513,735.39923,0.2583003,-1.7416997,742.35895,6.9501147,6.9597487,0.009633749,742.37756,1.0002393,0.000239279,743.3778,10.249677,743.3961,got here,748.39624,5,5.0001273,0.000127331
68,68,1,$2.00 ,($3.25),$0.00 ,lost,($3.25),1.5,7,3,,,,1,67,748.4138,2,750.41473,751.3838,2.0008748,0.000874739,0.9691088,751.4945,1.0798273,-0.9201727,754.1331,2.6308913,2.6385908,0.007699506,754.14166,1.0013169,0.001316907,755.143,6.729142,755.16046,got here,762.1616,7,7.0011406,0.001140365
69,69,1,$6.00 ,($1.50),$0.00 ,won,$6.00 ,1.5,3,3,,,,1,68,762.17834,1,764.18494,764.33496,2.0066104,0.006610372,0.15003856,764.4463,0.26132601,-1.738674,767.903,3.4499614,3.456723,0.006761617,767.9111,1.0002991,0.000299067,768.9114,6.733014,768.93054,got here,771.9314,3,3.000874,0.000873991
70,70,1,$8.00 ,($15.00),$0.00 ,lost,($15.00),1.5,1.5,3,,,,1,69,771.94946,2,773.961,774.11096,2.011569,0.01156897,0.14995465,774.21924,0.2582103,-1.7417897,777.6783,3.4500453,3.4590695,0.009024145,777.6874,1.0009916,0.000991543,778.68835,6.7389045,778.7068,got here,780.2076,1.5,1.5007805,0.000780419
71,71,1,$13.35 ,$0.00 ,$1.32 ,won,$13.35 ,3,3,3,,,,1,70,780.22845,1,782.2331,782.383,2.0046437,0.004643711,0.14995281,782.4921,0.25905728,-1.7409427,787.45105,4.950047,4.9589286,0.008881539,787.4647,1.0004213,0.000421344,788.46515,8.236708,788.5003,got here,791.5015,3,3.0012136,0.001213577
72,72,1,$14.49 ,$0.00 ,$8.75 ,lost,$0.00 ,3,5,3,,,,1,71,791.5209,1,793.5298,793.5629,2.0089324,0.008932237,0.03316232,793.67163,0.14182855,-1.8581715,798.74756,5.066838,5.0759354,0.009097454,798.7608,1.0003266,0.000326591,799.76117,8.240295,799.78046,got here,804.7817,5,5.00123,0.001229826
73,73,1,$23.60 ,$0.00 ,$12.20 ,lost,$0.00 ,1.5,5,3,,,,1,72,804.79816,2,806.80005,807.0658,2.0018926,0.001892607,0.26571605,807.17444,0.37435535,-1.6256447,810.51746,3.3342838,3.3430607,0.008776778,810.5262,1.0010477,0.001047774,811.5272,6.7290583,811.5445,got here,816.54565,5,5.001185,0.001184877
74,74,1,$5.00 ,($0.63),$0.00 ,won,$5.00 ,3,1.5,3,,,,1,73,816.568,1,818.5801,818.7303,2.0121222,0.01212207,0.15018088,818.83875,0.2586451,-1.741355,823.7972,4.949819,4.9584265,0.008607581,823.811,1.0011435,0.001143446,824.81213,8.244126,824.8303,got here,826.3312,1.5,1.5008836,0.000883629
75,75,1,$12.00 ,($9.00),$0.00 ,won,$12.00 ,3,7,3,,,,1,74,826.3479,2,828.3573,828.50653,2.0093837,0.009383702,0.14926587,828.61523,0.25792128,-1.7420787,833.5747,4.950734,4.9595256,0.008791561,833.58716,1.0003952,0.000395209,834.5875,8.239637,834.60657,got here,841.607,7,7.000378,0.000378368
76,76,1,$2.00 ,($1.25),$0.00 ,won,$2.00 ,3,1.5,3,,,,1,75,841.6242,2,843.6309,843.83124,2.0066879,0.006687815,0.20030832,843.9402,0.3092837,-1.6907163,848.86523,4.8996916,4.925041,0.02534972,848.87787,1.0011988,0.001198753,849.8791,8.254854,849.89685,got here,851.39703,1.5,1.5001963,0.00019633
77,77,1,$15.86 ,$0.00 ,$8.07 ,lost,$0.00 ,1.5,1.5,3,,,,1,76,851.41626,2,853.423,853.6903,2.006735,0.006735108,0.26729065,853.7988,0.3758552,-1.6241448,857.1411,3.3327093,3.3422513,0.009542045,857.14966,1.0009761,0.000976143,858.15063,6.734367,858.169,got here,859.6693,1.5,1.5003055,0.000305564
78,78,1,$2.00 ,($2.75),$0.00 ,lost,($2.75),1.5,5,3,,,,1,77,859.68866,2,861.6954,861.8454,2.0066948,0.006694889,0.1500209,861.95483,0.2594672,-1.7405328,865.4131,3.449979,3.458244,0.008264902,865.42224,1.0009784,0.000978362,866.4232,6.7345443,866.44116,got here,871.4418,5,5.0006638,0.00066373
79,79,1,$32.00 ,$0.00 ,$0.00 ,lost,$0.00 ,1.5,3,3,,,,1,78,871.45886,2,873.4599,873.6106,2.001084,0.001083984,0.15066162,873.7208,0.26089707,-1.739103,877.17676,3.4493384,3.455949,0.006610764,877.1872,1.0009037,0.000903737,878.1881,6.729254,878.20593,got here,881.2072,3,3.0012438,0.001243894
80,80,1,$16.29 ,$0.00 ,$7.85 ,lost,$0.00 ,1.5,3,3,,,,1,79,881.2245,1,883.23627,883.3863,2.0118105,0.011810454,0.15004177,883.49585,0.2595566,-1.7404433,886.9543,3.4499583,3.4584408,0.008482656,886.96313,1.0013463,0.001346362,887.9645,6.7400317,887.982,got here,890.9832,3,3.0012429,0.001242956
81,81,1,$12.00 ,($12.00),$0.00 ,won,$12.00 ,1.5,1.5,3,,,,1,80,891.00256,2,893.0123,893.2794,2.0097818,0.009781723,0.26706252,893.38873,0.37640065,-1.6235994,896.73004,3.3329375,3.3412805,0.008342942,896.7385,1.0013176,0.0013176,897.7398,6.737256,897.7584,got here,899.2592,1.5,1.5007677,0.000767735
82,82,1,$6.00 ,($12.00),$0.00 ,lost,($12.00),3,5,3,,,,1,81,899.27405,1,901.28436,901.31744,2.0103405,0.010340564,0.033034552,901.42804,0.14362787,-1.8563721,906.5026,5.0669656,5.074595,0.007629663,906.51556,1.0013409,0.001340855,907.5169,8.242836,907.535,got here,912.53534,5,5.0003743,0.000374262
83,83,1,$21.43 ,$0.00 ,$13.29 ,lost,$0.00 ,5,1.5,3,,,,1,82,912.5548,1,914.5701,914.72,2.0153642,0.015364051,0.14982036,914.82947,0.25932914,-1.7406709,921.78815,6.9501796,6.9586678,0.008488292,921.8064,1.0011215,0.00112152,922.8075,10.25272,922.8253,got here,924.3266,1.5,1.5012399,0.001239922
84,84,1,$12.00 ,($6.00),$0.00 ,won,$12.00 ,1.5,7,3,,,,1,83,924.34534,2,926.3514,926.50146,2.0060005,0.006000434,0.15008633,926.61084,0.2594838,-1.7405162,930.06866,3.4499137,3.4578393,0.007925635,930.0778,1.0002694,0.000269412,931.07806,6.7327175,931.0974,got here,938.0977,7,7.0003157,0.000315714
85,85,1,$6.00 ,($0.25),$0.00 ,lost,($0.25),5,1.5,3,,,,1,84,938.1142,2,940.1217,940.2716,2.0075397,0.007539669,0.14987276,940.38055,0.25886518,-1.7411348,947.33887,6.950127,6.958306,0.008178504,947.358,1.0002781,0.00027812,948.3582,10.244072,948.37665,got here,949.8777,1.5,1.5010644,0.001064434
86,86,1,$6.00 ,($10.50),$0.00 ,lost,($10.50),3,3,3,,,,1,85,949.89197,1,951.903,952.17,2.0110457,0.011045752,0.2670131,952.2788,0.3758162,-1.6241838,957.12036,4.832987,4.841556,0.008569413,957.1336,1.0006047,0.000604776,958.1342,8.242238,958.1529,got here,961.1536,3,3.0007126,0.000712607
87,87,1,$5.00 ,($1.88),$0.00 ,lost,($1.88),1.5,7,3,,,,1,86,961.1711,1,963.1829,963.35,2.0118809,0.01188078,0.16702652,963.4597,0.27676356,-1.7232364,966.9007,3.4329734,3.4409895,0.008015953,966.9097,1.0011117,0.001111707,967.9109,6.739795,967.92883,got here,974.9297,7,7.000844,0.000844149
88,88,1,$6.00 ,($3.00),$0.00 ,lost,($3.00),1.5,1.5,3,,,,1,87,974.9461,2,976.95337,977.3542,2.007228,0.007227888,0.40082833,977.4631,0.5097376,-1.4902624,980.6714,3.1991718,3.2083104,0.009138799,980.6794,1.0005994,0.000599408,981.67993,6.7338386,981.6992,got here,983.2005,1.5,1.5012833,0.0012833
89,89,1,$5.00 ,($5.00),$0.00 ,won,$5.00 ,1.5,1.5,3,,,,1,88,983.2171,2,985.22546,985.49255,2.008348,0.008347982,0.26706526,985.6013,0.375844,-1.624156,988.94293,3.3329349,3.3416035,0.008668693,988.9524,1.0008906,0.000890644,989.9533,6.7361875,989.9711,got here,991.47174,1.5,1.5006312,0.000631229
90,90,1,$7.81 ,$0.00 ,$4.10 ,won,$7.81 ,1.5,1.5,3,,,,1,89,991.4961,999,993.49725,995.5027,2.0011623,0.001162407,2.0054035,995.6118,2.1145668,0.11456676,997.21466,1.5945964,1.6027981,0.008201646,997.22363,1.0006615,0.000661499,998.2243,6.7282066,998.24316,got here,999.7435,1.5,1.5003511,0.000351057
91,91,1,$5.00 ,($2.50),$0.00 ,won,$5.00 ,1.5,5,3,,,,1,90,999.76276,1,1001.7701,1003.341,2.0073392,0.007339342,1.5709431,1003.44995,1.6798545,-0.32014552,1005.4874,2.0290568,2.0375152,0.008458308,1005.496,1.0007056,0.000705604,1006.4967,6.733946,1006.5152,got here,1011.5162,5,5.0010037,0.00100375
92,92,1,$12.00 ,($15.00),$0.00 ,won,$12.00 ,1.5,1.5,3,,,,1,91,1011.5348,2,1013.55096,1013.701,2.0161715,0.01617146,0.15000299,1013.8103,0.25932562,-1.7406744,1017.26874,3.449997,3.458426,0.008428982,1017.27734,1.000358,0.00035799,1018.2777,6.742876,1018.2967,got here,1019.797,1.5,1.5002571,0.000257183
93,93,1,$10.00 ,($13.75),$0.00 ,won,$10.00 ,5,1.5,3,,,,1,92,1019.8136,1,1021.8231,1021.97314,2.0095382,0.009538075,0.1500436,1022.0835,0.260357,-1.739643,1029.0413,6.9499564,6.9577494,0.007792893,1029.0591,1.0005552,0.000555186,1030.0597,10.246103,1030.0785,got here,1031.5787,1.5,1.5002662,0.000266139
94,94,1,$9.00 ,($9.00),$0.00 ,lost,($9.00),5,3,3,,,,1,93,1031.5963,1,1033.606,1033.8713,2.0097244,0.009724486,0.26536742,1033.9812,0.37521383,-1.6247861,1040.8243,6.8346324,6.84311,0.008477409,1040.8407,1.0007735,0.000773588,1041.8414,10.245193,1041.8607,got here,1044.8617,3,3.0009365,0.000936606
95,95,1,$9.82 ,$0.00 ,$3.09 ,won,$9.82 ,3,3,3,,,,1,94,1044.8811,2,1046.8904,1047.0403,2.0092897,0.009289712,0.1498456,1047.149,0.2586752,-1.7413248,1052.1074,4.9501543,4.958424,0.008269638,1052.1211,1.0011375,0.00113746,1053.1222,8.241121,1053.1401,got here,1056.1412,3,3.0011642,0.00116431
96,96,1,$8.00 ,($7.00),$0.00 ,won,$8.00 ,1.5,1.5,3,,,,1,95,1056.161,2,1058.1705,1058.4371,2.0095992,0.009599317,0.26660126,1058.5463,0.37575427,-1.6242458,1061.8889,3.3333988,3.3426437,0.009244902,1061.9016,1.0005342,0.000534168,1062.9021,6.7411327,1062.9163,last trial of block,1062.9163,nan,1.72E-05,nan
﻿TrialNumber,Trial_num,Partner,risky_gain,risky_loss,alt_certain,task_gamble_outcome,task_gamble_amount,ISI,ITI,block,ran,order,trial_onset,bpress,cue_onset,resp_onset,stim_duration,stim_dur_drift,rt,ISI_onset,cue_duration,cue_dur_drift,ISI_offset,expected_ISI,actual_ISI,ISI_drift,outcome_onset,outcome_duration,outcome_drift,outcome_offset,trial_duration,ITI_onset,test_print,ITI_offset,expected_ITI,actual_ITI,ITI_drift,,,
1,1,2,$10.67 ,$0.00 ,$10.67 ,won,$10.67 ,1.5,5,1,1,0,8.042802,1,10.051687,10.201066,2.0088859,0.008885871,0.14937861,10.310556,0.25886852,-1.7411314,13.768959,3.4506214,3.4584036,0.007782113,13.777316,1.0009301,0.00093005,14.778246,6.7354445,14.796902,got here,19.79707,5,5.0001674,0.000167269,,,
2,2,2,$2.00 ,($3.75),$0.00 ,won,$2.00 ,1.5,1.5,1,1,1,19.816143,2,21.83246,21.982843,2.0163167,0.016316596,0.1503829,22.09212,0.2596592,-1.7403408,25.549723,3.4496171,3.4576035,0.007986396,25.559156,1.0006198,0.000619769,26.559776,6.7436337,26.578266,got here,28.079521,1.5,1.5012549,0.001254923,,,
3,3,2,$12.00 ,($9.00),$0.00 ,won,$12.00 ,1.5,5,1,1,2,28.09596,999,30.10455,32.109913,2.0085895,0.008589556,2.0053623,32.218243,2.113691,0.11369118,33.82216,1.5946378,1.6039189,0.009281233,33.831177,1.0003622,0.000362103,34.83154,6.7355804,34.850388,got here,39.850754,5,5.0003676,0.000367487,,,
4,4,2,$25.76 ,$0.00 ,$11.12 ,lost,$0.00 ,5,7,1,1,3,39.875553,2,41.886425,41.93612,2.0108736,0.010873553,0.04969155,42.050003,0.16357797,-1.836422,49.120426,7.050308,7.0704207,0.020112298,49.139484,1.0001757,0.000175659,50.139664,10.26411,50.158607,got here,57.1599,7,7.0012913,0.001291141,,,
5,5,2,$10.00 ,($3.75),$0.00 ,won,$10.00 ,3,3,1,1,4,57.17981,2,59.182163,60.03417,2.0023515,0.002351567,0.8520045,60.14341,0.9612477,-1.0387523,64.399704,4.2479954,4.256292,0.008296262,64.4125,1.0003856,0.00038566,65.41288,8.23307,65.432365,got here,68.43295,3,3.0005841,0.000584009,,,
6,6,2,$2.00 ,($1.25),$0.00 ,lost,($1.25),3,1.5,1,1,5,68.4495,1,70.46268,70.84655,2.0131752,0.013175147,0.38387373,70.95501,0.4923355,-1.5076644,75.68082,4.7161264,4.7258043,0.009678072,75.69258,1.0009799,0.000979957,76.693565,8.2440605,76.71255,got here,78.213036,1.5,1.5004879,0.000487915,,,
7,7,2,$8.00 ,($13.00),$0.00 ,lost,($13.00),3,1.5,1,1,6,78.229675,1,80.23858,80.50555,2.0089045,0.008904487,0.26696706,80.6153,0.37672138,-1.6232786,85.45614,4.833033,4.840835,0.00780214,85.468834,1.0002313,0.000231226,86.46906,8.239386,86.48863,got here,87.989174,1.5,1.5005447,0.000544687,,,
8,8,2,$5.00 ,($4.38),$0.00 ,won,$5.00 ,1.5,1.5,1,1,7,88.00674,1,90.014565,90.39846,2.0078337,0.00783367,0.38388893,90.50763,0.49306062,-1.5069394,93.73235,3.216111,3.2247238,0.008612726,93.74096,1.0004376,0.000437563,94.741394,6.7346597,94.76032,got here,96.26063,1.5,1.5003089,0.000308917,,,
9,9,2,$10.00 ,($6.25),$0.00 ,won,$10.00 ,1.5,3,1,1,8,96.27837,2,98.28672,98.45339,2.008348,0.008347994,0.16667412,98.567795,0.28107193,-1.7189281,102.02071,3.4333258,3.4529214,0.019595476,102.03019,1.0005862,0.000586135,103.03078,6.752404,103.04902,got here,106.04943,3,3.0004094,0.00040947,,,
10,10,2,$21.43 ,$0.00 ,$13.29 ,won,$21.43 ,3,5,1,1,9,106.06931,2,108.079605,108.34653,2.0102901,0.010290215,0.2669264,108.4548,0.37520403,-1.6247959,113.29715,4.8330736,4.84234,0.009266174,113.3102,1.0007905,0.00079043,114.31099,8.24168,114.329994,got here,119.331314,5,5.0013175,0.001317448,,,
11,11,2,$2.00 ,($2.25),$0.00 ,lost,($2.25),1.5,3,1,1,10,119.350006,1,121.364815,121.398155,2.0148144,0.014814442,0.033334292,121.50674,0.1419214,-1.8580786,125.08228,3.5666656,3.5755434,0.008877781,125.091705,1.0005391,0.000539091,126.09225,6.7422414,126.11064,got here,129.11147,3,3.000823,0.000822941,,,
12,12,2,$4.00 ,($6.00),$0.00 ,won,$4.00 ,3,1.5,1,1,11,129.12787,2,131.1411,131.40808,2.0132344,0.013234433,0.26697618,131.5165,0.37540403,-1.624596,136.35822,4.833024,4.841719,0.008695434,136.37198,1.0010527,0.001052763,137.37303,8.245166,137.39114,got here,138.8915,1.5,1.5003439,0.000343972,,,
13,13,2,$6.00 ,($0.25),$0.00 ,won,$6.00 ,1.5,1.5,1,1,12,138.90877,1,140.91705,141.0672,2.008278,0.0082779,0.15015231,141.17642,0.2593684,-1.7406316,144.63525,3.4498477,3.458831,0.008983484,144.64355,1.0009372,0.000937235,145.64449,6.735712,145.66298,got here,147.16321,1.5,1.5002291,0.000229117,,,
14,14,2,$5.00 ,($2.50),$0.00 ,won,$5.00 ,5,1.5,1,1,13,147.18018,2,149.18939,149.33958,2.0092285,0.009228389,0.15018477,149.44946,0.26007107,-1.739929,156.40675,6.9498153,6.9572887,0.007473655,156.42531,1.0012028,0.00120281,157.4265,10.246337,157.44524,got here,158.94565,1.5,1.5004135,0.000413547,,,
15,15,2,$4.00 ,($1.00),$0.00 ,lost,($1.00),1.5,3,1,1,14,158.96193,1,160.97073,161.70595,2.008792,0.008791968,0.7352176,161.818,0.8472587,-1.1527413,164.70456,2.8647823,2.8865743,0.021791764,164.71388,1.0002773,0.000277291,165.71416,6.752226,165.73323,got here,168.73357,3,3.0003257,0.000325654,,,
16,16,2,$8.00 ,($6.00),$0.00 ,won,$8.00 ,1.5,1.5,1,1,15,168.75203,1,170.76682,171.16426,2.0147965,0.014796524,0.39743647,171.27882,0.51199895,-1.488001,174.50061,3.2025635,3.2217855,0.019222055,174.50668,1.0013295,0.001329563,175.50803,6.7559977,175.52602,got here,177.02681,1.5,1.5007817,0.000781627,,,
17,17,2,$26.76 ,$0.00 ,$10.62 ,lost,$0.00 ,1.5,1.5,1,1,16,177.05022,2,179.05243,179.2024,2.0022216,0.002221622,0.14995277,179.3114,0.25895798,-1.741042,182.7708,3.4500473,3.4594018,0.009354576,182.77849,1.0011781,0.001178153,183.77966,6.7294545,183.79807,got here,185.29918,1.5,1.5011183,0.001118289,,,
18,18,2,$12.00 ,($15.00),$0.00 ,lost,($15.00),5,5,1,1,17,185.31848,2,187.3246,187.47475,2.0061235,0.006123642,0.15013327,187.58353,0.25891498,-1.741085,194.54172,6.949867,6.9581947,0.008327964,194.56126,1.0010505,0.001050476,195.56232,10.243827,195.57993,got here,200.58066,5,5.0007343,0.00073426,,,
19,19,2,$8.00 ,($11.00),$0.00 ,lost,($11.00),1.5,5,1,1,18,200.59721,2,202.59921,203.33359,2.002,0.002000108,0.7343777,203.44328,0.84407365,-1.1559263,206.31737,2.8656223,2.8740783,0.008456026,206.32541,1.0006851,0.000685086,207.3261,6.72889,207.34451,got here,212.34552,5,5.0010104,0.001010338,,,
20,20,2,$10.00 ,($1.25),$0.00 ,lost,($1.25),1.5,1.5,1,1,19,212.3625,2,214.36333,214.63028,2.0008204,0.000820358,0.26696312,214.73888,0.37554932,-1.6244507,218.08092,3.333037,3.3420503,0.009013363,218.0908,1.0003085,0.00030855,219.09111,6.7286043,219.10901,got here,220.61026,1.5,1.5012498,0.001249835,,,
21,21,2,$12.00 ,($21.00),$0.00 ,lost,($21.00),5,7,1,1,20,220.62718,1,222.6354,222.66838,2.0082266,0.008226731,0.03297791,222.77837,0.14295167,-1.8570484,229.85378,7.0670223,7.0754113,0.008389408,229.87228,1.0000963,9.63E-05,230.87238,10.245192,230.89111,got here,237.8923,7,7.0012035,0.001203689,,,
22,22,2,$8.00 ,($3.00),$0.00 ,won,$8.00 ,3,3,1,1,21,237.90945,1,239.9149,240.29936,2.005447,0.005446823,0.38446003,240.41042,0.4955213,-1.5044787,245.13219,4.71554,4.72177,0.00622968,245.1453,1.000884,0.000884106,246.14618,8.236733,246.1649,got here,249.16565,3,3.0007467,0.000746658,,,
23,23,2,$10.00 ,($8.75),$0.00 ,lost,($8.75),5,5,1,1,22,249.18192,1,251.19524,252.16403,2.0133345,0.013334544,0.9687926,252.27243,1.0771853,-0.9228148,258.4129,6.1312075,6.1404834,0.009275814,258.4314,1.0004069,0.000406828,259.4318,10.249898,259.4509,got here,264.45117,5,5.000292,0.000291779,,,
24,24,2,$22.40 ,$0.00 ,$4.80 ,lost,$0.00 ,1.5,7,1,1,23,264.47495,2,266.4861,266.51907,2.011161,0.011161055,0.032959156,266.62915,0.14304173,-1.8569583,270.2039,3.567041,3.5747375,0.00769669,270.21265,1.0003986,0.000398578,271.21304,6.7380896,271.2317,got here,278.23193,7,7.0002327,0.000232856,,,
25,25,2,$24.92 ,$0.00 ,$11.54 ,won,$24.92 ,5,1.5,1,1,24,278.24893,1,280.256,280.53983,2.0070722,0.007072113,0.28381807,280.6492,0.39320868,-1.6067914,287.4738,6.816182,6.8245597,0.008377832,287.49228,1.0003328,0.000332797,288.49258,10.243669,288.51172,got here,290.01248,1.5,1.5007899,0.000789857,,,
26,26,2,$12.00 ,($6.00),$0.00 ,won,$12.00 ,3,3,1,1,25,290.03146,2,292.0377,292.20425,2.0062208,0.006220856,0.16655256,292.31406,0.27635342,-1.7236466,297.25516,4.9334474,4.9411006,0.007653159,297.26788,1.0009133,0.000913203,298.2688,8.237326,298.28732,got here,301.28857,3,3.0012543,0.001254405,,,
27,27,2,$8.80 ,$0.00 ,$3.60 ,won,$8.80 ,1.5,1.5,1,1,26,301.3117,2,303.3175,303.46756,2.0058246,0.005824501,0.15005101,303.5802,0.26267064,-1.7373294,307.0529,3.449949,3.4726963,0.022747278,307.06104,1.0001556,0.000155594,308.0612,6.7494864,308.08023,got here,309.58087,1.5,1.5006282,0.000628209,,,
28,28,2,$9.00 ,($9.00),$0.00 ,lost,($9.00),1.5,3,1,1,27,309.60016,2,311.60678,311.7564,2.006626,0.006625772,0.1496436,311.86453,0.25776488,-1.7422352,315.32507,3.4503565,3.460527,0.01017061,315.33298,1.0001551,0.000155127,316.33313,6.7329907,316.35242,got here,319.35327,3,3.0008636,0.000863586,,,
29,29,2,$8.00 ,($1.33),$0.00 ,won,$8.00 ,1.5,7,1,1,28,319.36984,1,321.38315,321.90036,2.0133,0.013300048,0.5172142,322.02026,0.6371001,-1.3628999,325.11713,3.0827858,3.0968804,0.014094626,325.126,1.0003116,0.000311649,326.1263,6.7564583,326.14502,got here,333.14523,7,7.000216,0.0002159,,,
30,30,2,$5.00 ,($6.88),$0.00 ,lost,($6.88),1.5,3,1,1,29,333.16226,2,335.16934,335.5535,2.0070846,0.007084653,0.38416934,335.66217,0.49282774,-1.5071722,338.88727,3.2158306,3.2250996,0.009269015,338.89572,1.0013101,0.0013101,339.89703,6.7347836,339.91507,got here,342.916,3,3.0009263,0.000926189,,,
31,31,2,$16.79 ,$0.00 ,$7.60 ,lost,$0.00 ,1.5,1.5,1,1,30,342.9353,2,344.9458,345.21255,2.0104969,0.010496916,0.26675472,345.3267,0.38090095,-1.619099,348.68024,3.3332453,3.353544,0.020298628,348.68854,1.0004535,0.000453522,349.689,6.753699,349.70804,got here,351.20856,1.5,1.5004938,0.000493818,,,
32,32,2,$4.00 ,($2.00),$0.00 ,lost,($2.00),3,1.5,1,1,31,351.22824,2,353.2343,354.20316,2.0060747,0.006074671,0.9688426,354.31244,1.0781068,-0.9218933,358.45148,4.1311574,4.139058,0.007900775,358.46448,1.00131,0.001309973,359.4658,8.237537,359.484,last trial of block,359.48404,nan,1.84E-05,nan,,,
33,33,2,$12.00 ,($24.00),$0.00 ,lost,($24.00),3,1.5,2,1,32,363.17722,2,365.1828,365.21597,2.0056055,0.005605563,0.03315811,365.32443,0.14162026,-1.8583797,370.40094,5.066842,5.076507,0.009665055,370.41324,1.0007178,0.00071778,371.41397,8.236762,371.4327,got here,372.93408,1.5,1.5013821,0.001382162,,,
34,34,2,$4.00 ,($5.00),$0.00 ,lost,($5.00),3,5,2,1,33,372.9511,2,374.95914,375.10907,2.008043,0.008042973,0.14993587,375.21744,0.25828123,-1.7417188,380.17676,4.950064,4.959314,0.009249526,380.1893,1.0003688,0.000368871,381.1897,8.238579,381.20908,got here,386.20972,5,5.0006323,0.000632131,,,
35,35,2,$4.00 ,($7.00),$0.00 ,won,$4.00 ,1.5,1.5,2,1,34,386.22394,2,388.22778,388.49493,2.0038624,0.003862398,0.26714978,388.60364,0.37585044,-1.6241496,391.94495,3.3328502,3.3413043,0.008454035,391.95416,1.0011204,0.001120397,392.9553,6.731363,392.97363,got here,394.47418,1.5,1.5005592,0.000559186,,,
36,36,2,$10.00 ,($13.75),$0.00 ,lost,($13.75),1.5,3,2,1,35,394.49216,2,396.4998,396.64975,2.0076082,0.007608162,0.14997832,396.75894,0.25917858,-1.7408215,400.2174,3.4500217,3.4584506,0.008428846,400.2262,1.0011553,0.001155273,401.22736,6.7351804,401.24582,got here,404.2467,3,3.00087,0.000870065,,,
37,37,2,$4.00 ,($4.00),$0.00 ,lost,($4.00),1.5,7,2,1,36,404.2638,2,406.27615,406.4261,2.0123436,0.012343577,0.14993133,406.53616,0.2600175,-1.7399825,409.99335,3.4500687,3.4571717,0.00710291,410.00232,1.0008453,0.000845266,411.00317,6.7393646,411.0217,got here,418.02213,7,7.0004153,0.000415448,,,
38,38,2,$2.00 ,($0.75),$0.00 ,won,$2.00 ,5,3,2,1,37,418.03842,2,420.04608,420.31326,2.007669,0.007668975,0.26719853,420.42175,0.37568584,-1.6243142,427.26398,6.8328013,6.8422055,0.00940413,427.2824,1.0001719,0.000171888,428.2826,10.244188,428.30124,got here,431.30167,3,3.0004146,0.000414614,,,
39,39,2,$17.38 ,$0.00 ,$7.31 ,lost,$0.00 ,5,1.5,2,1,38,431.32068,2,433.332,433.36456,2.0113459,0.01134582,0.032565773,433.473,0.14097124,-1.8590288,440.55023,7.0674343,7.0772476,0.009813564,440.56836,1.0010887,0.001088762,441.56943,10.248772,441.58682,got here,443.08713,1.5,1.5003093,0.000309345,,,
40,40,2,$10.00 ,($16.25),$0.00 ,won,$10.00 ,5,5,2,1,39,443.10645,1,445.11307,445.4972,2.0066013,0.006601421,0.3841482,445.60672,0.49366233,-1.5063376,452.33115,6.715852,6.7244315,0.008579875,452.34973,1.001527,0.001526969,453.35126,10.244798,453.36844,got here,458.3693,5,5.000868,0.000867817,,,
41,41,2,$12.00 ,($18.00),$0.00 ,lost,($18.00),1.5,3,2,1,40,458.386,2,460.38733,460.6544,2.0013359,0.001335747,0.26706564,460.76382,0.37647858,-1.6235214,464.12115,3.3329344,3.3573406,0.024406224,464.13083,1.0006021,0.000602183,465.13144,6.7454433,465.1497,got here,468.15002,3,3.000314,0.000313907,,,
42,42,2,$6.00 ,($1.50),$0.00 ,lost,($1.50),5,3,2,1,41,468.16693,1,470.18008,470.4471,2.0131543,0.013154359,0.26700908,470.55603,0.3759382,-1.6240618,477.3974,6.832991,6.8413773,0.008386411,477.41678,1.0006028,0.000602848,478.4174,10.250437,478.43546,got here,481.43604,3,3.0005796,0.000579589,,,
43,43,2,$5.00 ,($0.63),$0.00 ,lost,($0.63),1.5,1.5,2,1,42,481.45267,2,483.46536,483.4986,2.0126903,0.012690393,0.033243947,483.60776,0.14241262,-1.8575873,487.18268,3.566756,3.5749123,0.008156293,487.19232,1.0007073,0.000707275,488.19302,6.740363,488.21124,got here,489.71252,1.5,1.5012941,0.001294107,,,
44,44,2,$32.00 ,$0.00 ,$0.00 ,won,$32.00 ,3,1.5,2,1,43,489.72903,2,491.73755,492.0046,2.0085297,0.008529757,0.2670406,492.11472,0.37714738,-1.6228527,496.95554,4.832959,4.840827,0.0078678,496.96802,1.0006119,0.000611942,497.96863,8.2396,497.98816,got here,499.48846,1.5,1.5002944,0.000294503,,,
45,45,2,$13.25 ,$0.00 ,$9.37 ,won,$13.25 ,1.5,1.5,2,1,44,499.5047,1,501.51364,501.68054,2.0089426,0.008942562,0.16690472,501.79675,0.28310618,-1.7168938,505.24814,3.4330952,3.451396,0.0183006,505.2568,1.0012287,0.001228716,506.25806,6.753352,506.27615,got here,507.77737,1.5,1.5011989,0.001198862,,,
46,46,2,$24.21 ,$0.00 ,$11.89 ,lost,$0.00 ,1.5,5,2,1,45,507.79416,2,509.80237,510.18652,2.0082185,0.008218464,0.38414714,510.29654,0.49418056,-1.5058194,513.5204,3.215853,3.2238345,0.00798167,513.5289,1.0026678,0.002667763,514.53156,6.7374086,514.548,got here,519.5485,5,5.0005145,0.000514725,,,
47,47,2,$2.00 ,($3.25),$0.00 ,lost,($3.25),1.5,5,2,1,46,519.5671,2,521.5672,521.7172,2.0001209,0.000120845,0.1500454,521.82623,0.25902712,-1.7409729,525.2851,3.4499545,3.4588766,0.008921961,525.2936,1.0005099,0.000509842,526.29407,6.7269845,526.3129,got here,531.3141,5,5.001209,0.001208753,,,
48,48,2,$8.49 ,$0.00 ,$3.76 ,won,$8.49 ,1.5,1.5,2,1,47,531.3346,1,533.3489,533.3817,2.0142937,0.014293753,0.032831006,533.4906,0.14170605,-1.8582939,537.06586,3.567169,3.5752788,0.008109833,537.0752,1.0004382,0.000438175,538.0756,6.7410455,538.0945,got here,539.59515,1.5,1.5006952,0.000695264,,,
49,49,2,$2.00 ,($1.75),$0.00 ,won,$2.00 ,1.5,3,2,1,48,539.61444,1,541.6208,541.77106,2.0063765,0.00637644,0.15021843,541.8817,0.26090676,-1.7390933,545.3389,3.4497817,3.4572096,0.007428069,545.34705,1.0010257,0.001025626,546.3481,6.733638,546.36646,got here,549.3677,3,3.00125,0.001250039,,,
50,50,2,$8.00 ,($5.00),$0.00 ,won,$8.00 ,1.5,3,2,1,49,549.3849,2,551.39844,551.6639,2.0135326,0.013532606,0.26548067,551.77246,0.374046,-1.625954,555.11584,3.3345194,3.3433962,0.008876774,555.12317,1.0012417,0.001241642,556.12445,6.7395525,556.1426,got here,559.1432,3,3.0005858,0.000585867,,,
51,51,2,$5.00 ,($8.13),$0.00 ,won,$5.00 ,1.5,7,2,1,50,559.1602,1,561.1731,561.90796,2.0128863,0.012886361,0.73489654,562.01697,0.8438552,-1.1561449,564.89044,2.8651035,2.8735065,0.008402987,564.8993,1.0008981,0.000898156,565.90015,6.7399673,565.9188,got here,572.9192,7,7.0003605,0.000360578,,,
52,52,2,$6.00 ,($3.00),$0.00 ,won,$6.00 ,3,1.5,2,1,51,572.9357,2,574.943,575.21014,2.0072587,0.007258575,0.2671356,575.3187,0.37576059,-1.6242394,580.1602,4.8328643,4.8414993,0.008634832,580.1735,1.0008986,0.000898592,581.17444,8.238695,581.19366,got here,582.69415,1.5,1.5004799,0.00047998,,,
53,53,2,$6.00 ,($4.50),$0.00 ,won,$6.00 ,5,1.5,2,1,52,582.7091,2,584.719,584.8693,2.0099168,0.009916768,0.15031958,584.97943,0.26040864,-1.7395914,591.93634,6.9496803,6.9569488,0.007268406,591.9554,1.0004674,0.000467457,592.9559,10.246762,592.9752,got here,594.4764,1.5,1.5011725,0.001172574,,,
54,54,2,$7.81 ,$0.00 ,$4.10 ,lost,$0.00 ,1.5,3,2,1,53,594.4952,1,596.50073,597.0019,2.005576,0.005575841,0.50114644,597.11163,0.6109015,-1.3890985,600.21796,3.0988536,3.106318,0.007464341,600.22736,1.0002054,0.000205387,601.2276,6.7324114,601.2463,got here,604.24695,3,3.0006452,0.00064521,,,
55,55,2,$18.65 ,$0.00 ,$6.68 ,won,$18.65 ,3,7,2,1,54,604.264,2,606.27686,606.5437,2.0128713,0.012871241,0.26686072,606.6527,0.37588206,-1.624118,611.49445,4.8331394,4.8417354,0.008595989,611.5073,1.0002456,0.000245604,612.50757,8.243589,612.52655,got here,619.52716,7,7.0006394,0.000639272,,,
56,56,2,$10.00 ,($11.25),$0.00 ,won,$10.00 ,5,3,2,1,55,619.5472,2,621.5513,622.0518,2.0041006,0.004100662,0.50052017,622.16113,0.6098216,-1.3901784,628.7695,6.5994797,6.608325,0.008845106,628.78754,1.0004965,0.00049654,629.788,10.240846,629.80695,got here,632.8081,3,3.0011623,0.001162404,,,
57,57,2,$9.00 ,($15.75),$0.00 ,won,$9.00 ,3,1.5,2,1,56,632.8244,1,634.83636,634.9867,2.012011,0.01201097,0.15031685,635.09705,0.26066545,-1.7393346,640.0542,4.949683,4.957142,0.007458563,640.06757,1.0007768,0.000776822,641.06836,8.243994,641.08655,got here,642.5874,1.5,1.500824,0.000824016,,,
58,58,2,$5.00 ,($5.00),$0.00 ,lost,($5.00),1.5,5,2,1,57,642.6055,1,644.6125,644.6623,2.0070107,0.007010662,0.04976438,644.77466,0.16213222,-1.8378677,648.33105,3.5502355,3.5563805,0.006144884,648.33875,1.0007358,0.00073572,649.3395,6.7339816,649.3588,got here,654.35956,5,5.000747,0.000747062,,,
59,59,2,$22.47 ,$0.00 ,$12.76 ,lost,$0.00 ,1.5,1.5,2,1,58,654.37964,2,656.39417,656.54395,2.0145395,0.014539373,0.14981967,656.6529,0.2587376,-1.7412624,660.1127,3.4501803,3.4597716,0.009591325,660.12085,1.000408,0.000408054,661.1213,6.7416577,661.1396,got here,662.64075,1.5,1.5011358,0.001135784,,,
60,60,2,$4.00 ,($3.00),$0.00 ,won,$4.00 ,1.5,1.5,2,1,59,662.66205,2,664.666,665.16705,2.0039592,0.003959143,0.50103825,665.2766,0.6105854,-1.3894145,668.3844,3.0989618,3.1077762,0.008814404,668.39264,1.0000775,7.75E-05,669.3927,6.7306337,669.41174,got here,670.91235,1.5,1.5006506,0.000650691,,,
61,61,2,$9.00 ,($11.25),$0.00 ,lost,($11.25),1.5,7,2,1,60,670.92896,1,672.9403,673.4392,2.011378,0.011377931,0.49887016,673.549,0.608679,-1.3913211,676.6577,3.1011298,3.1087122,0.007582387,676.6645,1.0005232,0.000523261,677.665,6.736062,677.68384,got here,684.6848,7,7.0009823,0.00098247,,,
62,62,2,$15.28 ,$0.00 ,$8.36 ,lost,$0.00 ,3,1.5,2,1,61,684.7032,2,686.70844,686.85864,2.005219,0.005218877,0.150216,686.9685,0.26005384,-1.7399461,691.92566,4.949784,4.957163,0.007378657,691.9386,1.0012817,0.001281691,692.9399,8.236699,692.9585,got here,694.4588,1.5,1.5003258,0.000325765,,,
63,63,2,$5.00 ,($3.13),$0.00 ,won,$5.00 ,3,5,2,1,62,694.47833,2,696.48444,697.1026,2.006138,0.006138084,0.6181738,697.2126,0.72814035,-1.2718596,701.7021,4.4818263,4.4895215,0.007695488,701.7148,1.0010065,0.001006483,702.71576,8.237471,702.73474,got here,707.73596,5,5.001214,0.00121419,,,
64,64,2,$31.29 ,$0.00 ,$8.36 ,won,$31.29 ,1.5,1.5,2,1,63,707.75604,2,709.76984,709.9199,2.013746,0.013746029,0.15013687,710.03015,0.26035547,-1.7396445,713.48724,3.4498632,3.4570618,0.007198596,713.4962,1.0002655,0.000265513,714.4965,6.7404437,714.5155,last trial of block,714.5155,nan,4.85E-05,nan,,,
65,65,2,$14.49 ,$0.00 ,$8.75 ,won,$14.49 ,3,3,3,1,64,715.92584,1,717.9417,718.09186,2.0159056,0.015905583,0.15010223,718.20154,0.2598177,-1.7401823,723.15967,4.949898,4.958138,0.008240059,723.1722,1.0010265,0.001026537,724.1732,8.247388,724.1918,got here,727.19226,3,3.0004616,0.000461641,,,
66,66,2,$12.00 ,($12.00),$0.00 ,won,$12.00 ,3,3,3,1,65,727.2203,2,729.222,729.60596,2.0016665,0.001666497,0.38402328,729.7161,0.49414298,-1.505857,734.439,4.7159767,4.72295,0.006973069,734.45245,1.0008738,0.000873789,735.4533,8.233016,735.4721,got here,738.4733,3,3.001246,0.001245911,,,
67,67,2,$5.00 ,($5.63),$0.00 ,won,$5.00 ,1.5,1.5,3,1,66,738.4899,1,740.502,740.652,2.0120342,0.012034118,0.14997588,740.762,0.26001364,-1.7399864,744.21936,3.4500241,3.457352,0.007327768,744.2282,1.0009127,0.000912621,745.2291,6.739145,745.2477,got here,746.7489,1.5,1.5012348,0.001234713,,,
68,68,2,$10.00 ,($0.42),$0.00 ,lost,($0.42),3,1.5,3,1,67,746.7655,1,748.7739,749.04126,2.0084255,0.008425593,0.2672999,749.1509,0.37692705,-1.623073,753.9918,4.8327003,4.8409324,0.008232419,754.0044,1.0003616,0.000361566,755.00476,8.239213,755.02435,got here,756.5248,1.5,1.5004474,0.000447402,,,
69,69,2,$8.00 ,($9.00),$0.00 ,lost,($9.00),1.5,5,3,1,68,756.54114,1,758.5503,758.70026,2.0091517,0.009151644,0.14996703,758.81104,0.26072732,-1.7392727,762.26733,3.450033,3.4563324,0.006299424,762.2767,1.0007304,0.000730372,763.2774,6.7362766,763.29584,got here,768.29706,5,5.0012465,0.001246683,,,
70,70,2,$6.00 ,($12.00),$0.00 ,won,$6.00 ,1.5,1.5,3,1,69,768.31476,2,770.31494,770.4648,2.0002258,0.000225796,0.14984453,770.5748,0.25983208,-1.740168,774.0324,3.4501555,3.4576352,0.007479585,774.04144,1.0009418,0.000941792,775.0424,6.7276683,775.06085,got here,776.5616,1.5,1.500685,0.000684956,,,
71,71,2,$9.00 ,($0.75),$0.00 ,lost,($0.75),3,1.5,3,1,70,776.5783,2,778.5871,778.85425,2.00877,0.00876992,0.26716048,778.9631,0.37596428,-1.6240357,783.8052,4.8328395,4.8421097,0.009270059,783.81757,1.0007722,0.000772228,784.8183,8.239975,784.83704,got here,786.3372,1.5,1.5001979,0.000197893,,,
72,72,2,$6.00 ,($6.00),$0.00 ,lost,($6.00),1.5,3,3,1,71,786.35333,2,788.36334,788.5132,2.0099921,0.009992165,0.1498677,788.6229,0.25959736,-1.7404026,792.0812,3.4501324,3.4582624,0.008130134,792.0898,1.0006592,0.000659168,793.09045,6.73707,793.1088,got here,796.1098,3,3.0009756,0.000975676,,,
73,73,2,$13.35 ,$0.00 ,$1.32 ,won,$13.35 ,1.5,1.5,3,1,72,796.12836,2,798.1394,798.8743,2.01104,0.011039896,0.7349165,798.98346,0.84408826,-1.1559118,801.85675,2.8650835,2.8732483,0.008164956,801.866,1.0010589,0.001058961,802.86707,6.738706,802.8849,got here,804.38605,1.5,1.5011744,0.001174411,,,
74,74,2,$6.00 ,($7.50),$0.00 ,won,$6.00 ,1.5,3,3,1,73,804.40753,1,806.41144,806.4444,2.0039377,0.003937811,0.03294811,806.5535,0.1421074,-1.8578926,810.12897,3.567052,3.5754282,0.008376279,810.1381,1.0008576,0.000857611,811.139,6.731456,811.15704,got here,814.1572,3,3.000179,0.000179112,,,
75,75,2,$4.00 ,($0.67),$0.00 ,won,$4.00 ,1.5,1.5,3,1,74,814.17365,1,816.1877,816.45465,2.0140688,0.014068914,0.26693586,816.56335,0.3756769,-1.6243231,819.9059,3.333064,3.342535,0.009470964,819.91376,1.0009074,0.000907449,820.9147,6.7410583,820.9336,got here,822.4345,1.5,1.5009258,0.000925784,,,
76,76,2,$4.00 ,($0.33),$0.00 ,lost,($0.33),3,1.5,3,1,75,822.4488,1,824.45966,824.9606,2.0108647,0.010864697,0.50091505,825.06934,0.60967904,-1.390321,829.6773,4.599085,4.607969,0.008883913,829.6899,1.0008999,0.000899877,830.6908,8.241995,830.711,got here,832.2118,1.5,1.5007681,0.000768097,,,
77,77,2,$7.36 ,$0.00 ,$4.32 ,won,$7.36 ,5,5,3,1,76,832.2308,1,834.23566,834.9706,2.0048487,0.004848833,0.7349626,835.07996,0.84428746,-1.1557126,841.45294,6.3650374,6.3730183,0.007980966,841.4721,1.0009401,0.000940072,842.473,10.242235,842.4909,got here,847.4919,5,5.0009837,0.000983933,,,
78,78,2,$6.00 ,($10.50),$0.00 ,lost,($10.50),5,3,3,1,77,847.51196,2,849.5263,849.6764,2.0143173,0.01431717,0.15011317,849.786,0.25973552,-1.7402644,856.7446,6.949887,6.958582,0.00869524,856.76337,1.0004424,0.000442331,857.7638,10.251852,857.7823,got here,860.7832,3,3.0009139,0.000913882,,,
79,79,2,$8.00 ,($15.00),$0.00 ,won,$8.00 ,3,7,3,1,78,860.7997,1,862.81226,863.1961,2.012606,0.0126058,0.38385147,863.3051,0.49286196,-1.507138,868.0298,4.7161484,4.7246423,0.00849352,868.0431,1.0001398,0.000139815,869.0433,8.243575,869.0621,got here,876.0632,7,7.0011005,0.001100314,,,
80,80,2,$9.82 ,$0.00 ,$3.09 ,won,$9.82 ,1.5,1.5,3,1,79,876.08276,1,878.08636,878.236,2.0036054,0.003605262,0.14969972,878.3455,0.25917196,-1.740828,881.8042,3.4503002,3.45867,0.008369528,881.81244,1.0008442,0.000844279,882.8133,6.7305727,882.8319,got here,884.33307,1.5,1.5011849,0.001184975,,,
81,81,2,$6.00 ,($9.00),$0.00 ,won,$6.00 ,1.5,3,3,1,80,884.35754,2,886.3583,886.8593,2.0007458,0.00074585,0.50105023,886.9702,0.61195034,-1.3880496,890.07544,3.0989497,3.105225,0.006275239,890.08484,1.0004814,0.000481338,891.0853,6.727806,891.104,got here,894.1046,3,3.0006404,0.000640488,,,
82,82,2,$9.00 ,($13.50),$0.00 ,lost,($13.50),1.5,7,3,1,81,894.1209,2,896.13464,896.2844,2.0137582,0.013758245,0.1497539,896.3934,0.25872958,-1.7412704,899.8527,3.450246,3.4593616,0.009115573,899.86084,1.0011489,0.001148933,900.862,6.7411046,900.88074,got here,907.88214,7,7.0014114,0.001411523,,,
83,83,2,$15.86 ,$0.00 ,$8.07 ,lost,$0.00 ,3,1.5,3,1,82,907.9011,2,909.9045,910.1716,2.0033398,0.003339822,0.26709828,910.2809,0.3764121,-1.6235878,915.1225,4.832902,4.8416486,0.008746786,915.13464,1.0009484,0.00094845,916.1356,8.234487,916.1546,got here,917.655,1.5,1.5004317,0.000431683,,,
84,84,2,$12.00 ,($3.00),$0.00 ,lost,($3.00),1.5,5,3,1,83,917.6732,2,919.6808,919.8305,2.0075254,0.007525451,0.14976043,919.9388,0.2580307,-1.7419692,923.3986,3.4502397,3.459827,0.009587472,923.40753,1.0002484,0.000248478,924.4078,6.734539,924.4267,got here,929.4272,5,5.0004587,0.000458907,,,
85,85,2,$9.00 ,($6.75),$0.00 ,lost,($6.75),1.5,3,3,1,84,929.44507,2,931.4453,932.1802,2.0002117,0.000211737,0.7348964,932.2889,0.8435929,-1.1564071,935.16315,2.8651035,2.874264,0.00916044,935.1723,1.0002937,0.000293764,936.1726,6.727485,936.1913,got here,939.1923,3,3.00104,0.00103993,,,
86,86,2,$8.00 ,($7.00),$0.00 ,won,$8.00 ,1.5,1.5,3,1,85,939.2114,2,941.22174,941.3714,2.0103602,0.010360349,0.14963564,941.4809,0.259121,-1.7408789,944.93976,3.4503644,3.458888,0.008523596,944.9478,1.0006888,0.000688845,945.94855,6.737117,945.96783,got here,947.4682,1.5,1.500361,0.000360954,,,
87,87,2,$8.00 ,($2.00),$0.00 ,won,$8.00 ,5,5,3,1,86,947.48303,2,949.49396,949.99475,2.0109806,0.010980693,0.5007791,950.10345,0.6094742,-1.3905258,956.7121,6.5992208,6.6086226,0.009401897,956.7304,1.0009773,0.000977292,957.7314,10.248356,957.7491,got here,962.75,5,5.000933,0.000933036,,,
88,88,2,$9.00 ,($2.25),$0.00 ,lost,($2.25),5,1.5,3,1,87,962.7669,1,964.768,965.0346,2.0010993,0.001099288,0.2665997,965.14374,0.37572837,-1.6242716,971.98645,6.8334002,6.84269,0.009289726,972.0041,1.0004247,0.000424773,973.0045,10.237616,973.0228,got here,974.52344,1.5,1.5006177,0.000617733,,,
89,89,2,$5.00 ,($1.88),$0.00 ,lost,($1.88),1.5,5,3,1,88,974.53955,2,976.54926,976.6991,2.0096784,0.009678351,0.14985403,976.80804,0.25882998,-1.74117,980.2673,3.450146,3.459237,0.009091013,980.2757,1.0007197,0.000719726,981.2764,6.7368536,981.2952,got here,986.2958,5,5.000529,0.000529027,,,
90,90,2,$23.60 ,$0.00 ,$12.20 ,won,$23.60 ,5,1.5,3,1,89,986.3153,2,988.3309,988.59766,2.0155587,0.015558825,0.26675606,988.70624,0.37536654,-1.6246334,995.5492,6.833244,6.842945,0.009701034,995.56696,1.0005009,0.000500928,996.56744,10.252102,996.58606,got here,998.08716,1.5,1.50111,0.001109955,,,
91,91,2,$9.00 ,($4.50),$0.00 ,lost,($4.50),1.5,3,3,1,90,998.107,2,1000.1122,1000.26196,2.005206,0.005206075,0.14975819,1000.3715,0.2593661,-1.7406338,1003.8296,3.4502418,3.4580283,0.007786525,1003.8383,1.0008585,0.000858603,1004.8392,6.7322125,1004.85803,got here,1007.85846,3,3.0004086,0.000408706,,,
92,92,2,$6.87 ,$0.00 ,$4.57 ,lost,$0.00 ,1.5,5,3,1,91,1007.87775,1,1009.8883,1009.9212,2.010535,0.010535064,0.032919195,1010.0296,0.1413385,-1.8586615,1013.6056,3.5670807,3.5759654,0.008884637,1013.6143,1.0003322,0.000332213,1014.6147,6.7369237,1014.63367,got here,1019.6339,5,5.0002384,0.000238624,,,
93,93,2,$16.29 ,$0.00 ,$7.85 ,lost,$0.00 ,5,1.5,3,1,92,1019.6509,2,1021.65283,1021.80304,2.0019386,0.00193867,0.15021673,1021.9122,0.25935423,-1.7406458,1028.871,6.9497833,6.958737,0.008953804,1028.8885,1.0008749,0.000874897,1029.8894,10.238512,1029.9084,got here,1031.4093,1.5,1.5008166,0.000816586,,,
94,94,2,$8.22 ,$0.00 ,$3.89 ,lost,$0.00 ,1.5,7,3,1,93,1031.4277,2,1033.4344,1033.9354,2.006688,0.006688196,0.5009972,1034.0453,0.6108785,-1.3891214,1037.1523,3.0990028,3.1069853,0.007982431,1037.1606,1.0026152,0.00261516,1038.1632,6.735476,1038.18,got here,1045.1813,7,7.0012255,0.001225482,,,
95,95,2,$8.00 ,$0.00 ,$4.00 ,won,$8.00 ,1.5,7,3,1,94,1045.1985,2,1047.2045,1047.2375,2.0060074,0.006007538,0.033108383,1047.3466,0.14214474,-1.8578552,1050.9226,3.5668917,3.576054,0.009162435,1050.9308,1.0012262,0.001226163,1051.932,6.7335534,1051.9503,got here,1058.9513,7,7.00107,0.001070178,,,
96,96,2,$2.00 ,($2.75),$0.00 ,lost,($2.75),3,1.5,3,1,95,1058.9707,2,1060.9749,1061.7096,2.004165,0.004164828,0.73472404,1061.8182,0.84338653,-1.1566135,1066.192,4.365276,4.3738046,0.008528433,1066.2047,1.0012178,0.001217815,1067.2059,8.235309,1067.2245,last trial of block,1067.2245,nan,1.74E-05,nan,,,